"asv_id","dtype","predictor","mean_abs_deriv","sd_abs_deriv","n_points","prop_sig_region"
"ASV_001","dna","water_temp",0.121569503054511,0.0713162602533136,100,0
"ASV_001","rna","water_temp",0.0455248544365578,3.26362540696654e-07,100,0
"ASV_001","rna_dna","water_temp",0.171585877983319,7.67825330326026e-06,100,0
"ASV_001","dna","specific_conductivity",6.85810665057573,0.000125402284237083,100,0
"ASV_001","rna","specific_conductivity",12.8401338822114,2.17385771691064e-05,100,0
"ASV_001","rna_dna","specific_conductivity",4.24502465859532,0.000141858878227379,100,0
"ASV_001","dna","salinity",24.4395667110523,11.1110771152552,100,0
"ASV_001","rna","salinity",18.1679605627528,3.22237170928615e-05,100,0
"ASV_001","rna_dna","salinity",17.8301009419621,11.25671578214,100,0
"ASV_001","dna","total_nitrogen",0.643665304423434,3.02065262560015e-06,100,0
"ASV_001","rna","total_nitrogen",0.0530694290936101,4.5143904785144e-06,100,0
"ASV_001","rna_dna","total_nitrogen",2.30990903698806,2.06762354206053,100,0
"ASV_001","dna","total_phosphorus",0.00214930127692916,3.74713844908313e-08,100,0
"ASV_001","rna","total_phosphorus",0.00374091835169425,5.67321405489246e-08,100,0
"ASV_001","rna_dna","total_phosphorus",0.00319964791305719,8.56348468198577e-08,100,0
"ASV_001","dna","doc",0.268513796494171,0.157619629676268,100,0
"ASV_001","rna","doc",0.958192659526979,0.733726149407299,100,0
"ASV_001","rna_dna","doc",0.145047854795131,0.091464234461364,100,0
"ASV_001","dna","secchi_depth",0.211550018163308,9.82479264959354e-05,100,0
"ASV_001","rna","secchi_depth",0.500934045381195,8.41977220473098e-07,100,0
"ASV_001","rna_dna","secchi_depth",0.335335899922459,0.123843205233176,100,0
"ASV_001","dna","ph",0.584656743277228,3.95333072468946e-07,100,0
"ASV_001","rna","ph",0.127145570782244,5.31388967937652e-06,100,0
"ASV_001","rna_dna","ph",1.39050118325599,2.58313213392616e-06,100,1
"ASV_001","dna","dissolved_oxygen",0.226727413840575,0.166874887205438,100,0
"ASV_001","rna","dissolved_oxygen",0.0422877097827467,0.0214846621123023,100,0
"ASV_001","rna_dna","dissolved_oxygen",0.291628855100534,0.229952709521786,100,0
"ASV_001","dna","day_of_year",0.00590320872077299,0.00425350865217345,100,0
"ASV_001","rna","day_of_year",0.0299454838838814,0.0284044548057105,100,0.1
"ASV_001","rna_dna","day_of_year",0.0598215139153298,0.0563286135174329,100,0.08
"ASV_001","dna","days",0.0316292615996197,0.0210540108637436,100,0
"ASV_001","rna","days",0.00106548151471135,3.90908638688867e-08,100,0
"ASV_001","rna_dna","days",0.0462228630083603,0.0263873333777495,100,0
"ASV_002","dna","water_temp",0.0600209336615189,1.33363571458412e-07,100,1
"ASV_002","rna","water_temp",0.0567844781367101,0.0244267442328162,100,0.14
"ASV_002","rna_dna","water_temp",0.0195283633381951,2.52731208378299e-06,100,0
"ASV_002","dna","specific_conductivity",1.95554156495285,1.23278701708177e-05,100,0
"ASV_002","rna","specific_conductivity",0.669363029361121,4.4894282495048e-05,100,0
"ASV_002","rna_dna","specific_conductivity",5.40422042910704,3.61157972980989,100,0
"ASV_002","dna","salinity",4.20305391714532,3.16339901939697e-05,100,0
"ASV_002","rna","salinity",8.91943526622453,7.12230748960275e-05,100,0
"ASV_002","rna_dna","salinity",10.7280923233027,0.000162398013891861,100,0
"ASV_002","dna","total_nitrogen",0.312260651324788,5.14143157291781e-06,100,0
"ASV_002","rna","total_nitrogen",0.189569863283905,1.19750508998942e-06,100,0
"ASV_002","rna_dna","total_nitrogen",0.00178258396349736,1.69814403447375e-05,100,0
"ASV_002","dna","total_phosphorus",0.00477715576948612,0.00221192293456698,100,0
"ASV_002","rna","total_phosphorus",0.0033902724796204,1.33266888812042e-07,100,0
"ASV_002","rna_dna","total_phosphorus",0.00314791180788206,0.00143414142628203,100,0
"ASV_002","dna","doc",0.0181308428872871,0.00950688377996991,100,0
"ASV_002","rna","doc",0.0237408433889302,9.12761663610153e-07,100,0
"ASV_002","rna_dna","doc",0.209746885232047,0.0655629476873571,100,0
"ASV_002","dna","secchi_depth",0.114315353229112,1.34545421028431e-06,100,0
"ASV_002","rna","secchi_depth",0.334748090891907,0.221359075013708,100,0
"ASV_002","rna_dna","secchi_depth",0.229250368061224,0.138838496537417,100,0
"ASV_002","dna","ph",0.0791400664804537,0.000264328114524161,100,0
"ASV_002","rna","ph",0.148552826982984,1.29903415699177e-06,100,0
"ASV_002","rna_dna","ph",0.158643781625358,0.0593761518105658,100,0
"ASV_002","dna","dissolved_oxygen",0.00304083887080038,2.43686337844305e-07,100,0
"ASV_002","rna","dissolved_oxygen",0.0652336550319339,3.88567281807857e-07,100,1
"ASV_002","rna_dna","dissolved_oxygen",0.0576424803537769,3.0309599341917e-07,100,1
"ASV_002","dna","day_of_year",2.07139121692354e-07,1.25432971596172e-07,100,0
"ASV_002","rna","day_of_year",0.000109202065563007,5.04613317377851e-05,100,0
"ASV_002","rna_dna","day_of_year",0.0189746738621697,0.0145889190894707,100,0.06
"ASV_002","dna","days",0.00107956206851246,4.07236021861666e-05,100,0
"ASV_002","rna","days",0.000322917299788172,2.90020415460878e-08,100,0
"ASV_002","rna_dna","days",0.00152820015499389,2.7183313336095e-08,100,1
"ASV_003","dna","water_temp",0.025257618793224,3.69829563024895e-08,100,0
"ASV_003","rna","water_temp",0.0335083448815098,4.51951493376205e-07,100,0
"ASV_003","rna_dna","water_temp",0.00783184434044544,6.26242026087414e-07,100,0
"ASV_003","dna","specific_conductivity",0.676479080304276,6.27998923518525e-06,100,0
"ASV_003","rna","specific_conductivity",1.66479200638409,0.664960502654259,100,0
"ASV_003","rna_dna","specific_conductivity",0.649113855461434,0.428749358473892,100,0
"ASV_003","dna","salinity",2.54813757576262,1.07017690097943e-05,100,0
"ASV_003","rna","salinity",0.413778902941353,8.68924343517063e-05,100,0
"ASV_003","rna_dna","salinity",8.26684051073698,5.67258066089522e-05,100,0
"ASV_003","dna","total_nitrogen",0.116564131974419,1.93196668831709e-06,100,0
"ASV_003","rna","total_nitrogen",0.0533681016239187,5.05842599895967e-06,100,0
"ASV_003","rna_dna","total_nitrogen",0.259842682340493,9.81857556139487e-07,100,0
"ASV_003","dna","total_phosphorus",0.0103477405400687,0.00655043212843533,100,0
"ASV_003","rna","total_phosphorus",0.00331266723415328,8.56664248555816e-08,100,0
"ASV_003","rna_dna","total_phosphorus",0.00367013377593032,1.16684173738051e-07,100,0
"ASV_003","dna","doc",0.000906836428194688,3.90698075658398e-07,100,0
"ASV_003","rna","doc",0.0777233904814175,2.53398494182513e-06,100,0
"ASV_003","rna_dna","doc",0.0882761277816944,2.4886035021135e-06,100,0
"ASV_003","dna","secchi_depth",0.0726847558720201,0.0308436131163602,100,0
"ASV_003","rna","secchi_depth",0.0187023976976848,2.23421807020857e-05,100,0
"ASV_003","rna_dna","secchi_depth",0.144678942724007,0.0676935371807837,100,0
"ASV_003","dna","ph",0.0350638045806705,1.1595702137783e-06,100,0
"ASV_003","rna","ph",0.000516419919586592,1.34568052485335e-06,100,0
"ASV_003","rna_dna","ph",0.0645277327591781,1.1809299679512e-06,100,0
"ASV_003","dna","dissolved_oxygen",0.0560254550275932,1.93886003606482e-07,100,1
"ASV_003","rna","dissolved_oxygen",0.020575226397644,7.50792074997167e-08,100,0
"ASV_003","rna_dna","dissolved_oxygen",0.0763536963315622,7.31369644750118e-08,100,1
"ASV_003","dna","day_of_year",0.00400531639190463,0.00208446313665576,100,0
"ASV_003","rna","day_of_year",0.000414403388832298,0.000235815790627645,100,0
"ASV_003","rna_dna","day_of_year",0.00942521272392201,0.00438854327123255,100,0
"ASV_003","dna","days",0.00143708306338653,0.000142778304351629,100,0
"ASV_003","rna","days",0.000143559926367878,4.92488398139916e-09,100,0
"ASV_003","rna_dna","days",0.0014688496434711,0.000805378750885021,100,0
"ASV_004","dna","water_temp",0.0109619036398731,0.00516152344490368,100,0
"ASV_004","rna","water_temp",0.0116053760125172,7.01541665367571e-07,100,0
"ASV_004","rna_dna","water_temp",0.0835056922707054,0.0644956199982216,100,0
"ASV_004","dna","specific_conductivity",0.303138303474989,3.13874185728822e-05,100,0
"ASV_004","rna","specific_conductivity",1.8152338969584,1.27679517281978e-05,100,0
"ASV_004","rna_dna","specific_conductivity",2.43310372860561,0.00014427331133861,100,0
"ASV_004","dna","salinity",0.295866821342964,5.77752818408086e-05,100,0
"ASV_004","rna","salinity",3.72003528134883,8.10688455040487e-05,100,0
"ASV_004","rna_dna","salinity",2.69095821952838,0.0139856077097439,100,0
"ASV_004","dna","total_nitrogen",0.121577289588432,1.17958624239128e-05,100,0
"ASV_004","rna","total_nitrogen",0.273876131785303,1.18554892285781e-06,100,0
"ASV_004","rna_dna","total_nitrogen",0.482967937291825,0.179357448094283,100,0
"ASV_004","dna","total_phosphorus",0.00108547305199135,0.000786174885786391,100,0
"ASV_004","rna","total_phosphorus",0.00117182568615334,2.87003931808846e-08,100,0
"ASV_004","rna_dna","total_phosphorus",0.00248031282343323,4.47752710174691e-07,100,0
"ASV_004","dna","doc",0.115127709490012,3.38307023669161e-06,100,0
"ASV_004","rna","doc",0.115427719291956,0.0455794193590778,100,0
"ASV_004","rna_dna","doc",0.260636505429599,0.144649431624889,100,0
"ASV_004","dna","secchi_depth",0.0530403689609786,0.0398010664130748,100,0
"ASV_004","rna","secchi_depth",0.1889074429848,1.65697388658255e-05,100,0
"ASV_004","rna_dna","secchi_depth",0.457461533772425,0.325394505336235,100,0
"ASV_004","dna","ph",0.0750320462863415,6.04881875246107e-06,100,0
"ASV_004","rna","ph",0.00933666270621723,1.38778187717603e-06,100,0
"ASV_004","rna_dna","ph",0.11194085356216,4.50076055275295e-07,100,0
"ASV_004","dna","dissolved_oxygen",0.0496927198741105,0.0323385126359735,100,0
"ASV_004","rna","dissolved_oxygen",0.00362266904150843,3.77155572277329e-07,100,0
"ASV_004","rna_dna","dissolved_oxygen",0.0454210806048033,0.0345326791797754,100,0
"ASV_004","dna","day_of_year",0.00436144042135363,0.00273451426163405,100,0
"ASV_004","rna","day_of_year",0.00887645698610184,0.00617419325095482,100,0
"ASV_004","rna_dna","day_of_year",0.0089845446397183,0.00487563418918507,100,0
"ASV_004","dna","days",0.00049625057782625,6.47018511260803e-05,100,0
"ASV_004","rna","days",0.000361057509959419,8.04603259251614e-09,100,0
"ASV_004","rna_dna","days",0.000859686758689895,4.45341642354958e-08,100,1
"ASV_005","dna","water_temp",0.0725052709678998,0.0284283319434666,100,0
"ASV_005","rna","water_temp",0.0140270970673854,1.4550249717314e-05,100,0
"ASV_005","rna_dna","water_temp",0.268835555095901,0.192380475910334,100,0
"ASV_005","dna","specific_conductivity",16.2028330540643,0.000505333828099649,100,0
"ASV_005","rna","specific_conductivity",0.665620986659879,0.000137451897907753,100,0
"ASV_005","rna_dna","specific_conductivity",20.5991373029829,2.31232054754379,100,0
"ASV_005","dna","salinity",48.8147783063501,0.000544156303879344,100,0
"ASV_005","rna","salinity",0.635230657748387,0.000504722628535815,100,0
"ASV_005","rna_dna","salinity",48.7140238381931,0.00104101180609553,100,0
"ASV_005","dna","total_nitrogen",0.0857882649518265,4.83814923933935e-05,100,0
"ASV_005","rna","total_nitrogen",0.814845535629495,0.340649987669501,100,0
"ASV_005","rna_dna","total_nitrogen",0.675188643677699,1.99415131036456e-05,100,0
"ASV_005","dna","total_phosphorus",0.0446897990717761,0.0338969675075626,100,0
"ASV_005","rna","total_phosphorus",0.00442749441150686,5.27987655906654e-07,100,0
"ASV_005","rna_dna","total_phosphorus",0.0165190593239624,2.12799193861861e-06,100,0
"ASV_005","dna","doc",0.375557485140215,1.09440591004208e-05,100,0
"ASV_005","rna","doc",0.205323018224769,3.63942794546485e-05,100,0
"ASV_005","rna_dna","doc",0.547774082565978,7.06578431768497e-05,100,0
"ASV_005","dna","secchi_depth",0.34296658521635,0.2646087230981,100,0
"ASV_005","rna","secchi_depth",0.350919865475822,4.33094232844421e-05,100,0
"ASV_005","rna_dna","secchi_depth",0.803124962871178,0.677213582452378,100,0
"ASV_005","dna","ph",0.624705726875349,5.81990513173156e-05,100,0
"ASV_005","rna","ph",0.229838103875724,0.20563585354564,100,0
"ASV_005","rna_dna","ph",1.05230210372903,4.51353787823933e-06,100,1
"ASV_005","dna","dissolved_oxygen",0.412864166500219,0.211455049801922,100,0.24
"ASV_005","rna","dissolved_oxygen",0.0994205530680139,6.85984857916233e-05,100,0
"ASV_005","rna_dna","dissolved_oxygen",0.303288260599597,0.124210496136019,100,0
"ASV_005","dna","day_of_year",0.0176000493569972,0.00938342954420715,100,0
"ASV_005","rna","day_of_year",0.0269459562167142,0.0133436913888349,100,0
"ASV_005","rna_dna","day_of_year",0.0749285407476656,0.0403799620157648,100,0.06
"ASV_005","dna","days",0.00573004615280758,0.00428098581084415,100,0
"ASV_005","rna","days",0.00351583206796861,0.00275341443999203,100,0
"ASV_005","rna_dna","days",0.0011800422959211,0.000610281623918791,100,0
"ASV_006","dna","water_temp",0.0444959210033921,0.0239548026116145,100,0
"ASV_006","rna","water_temp",0.068471847973354,1.7956753997741e-08,100,1
"ASV_006","rna_dna","water_temp",0.0515160291200142,0.0222401478846679,100,0
"ASV_006","dna","specific_conductivity",13.5918295357388,8.64593666002865e-06,100,0
"ASV_006","rna","specific_conductivity",10.9475852696557,0.503075886901451,100,0
"ASV_006","rna_dna","specific_conductivity",24.3892806413186,1.75083937828391e-05,100,1
"ASV_006","dna","salinity",38.8771464530419,6.03335430913227e-06,100,1
"ASV_006","rna","salinity",22.3475777442054,4.84107810287342e-05,100,0
"ASV_006","rna_dna","salinity",58.8557105893656,1.02044408040729e-05,100,1
"ASV_006","dna","total_nitrogen",1.18128539384207,1.46406100562055e-06,100,1
"ASV_006","rna","total_nitrogen",0.74656388842867,1.36180440294331e-06,100,0
"ASV_006","rna_dna","total_nitrogen",0.506942464322971,2.92630183713114e-06,100,0
"ASV_006","dna","total_phosphorus",0.0181564594199608,0.00820699697566904,100,0
"ASV_006","rna","total_phosphorus",0.00549993854649332,1.16713440375956e-07,100,0
"ASV_006","rna_dna","total_phosphorus",0.0111694568865537,0.00565486896234016,100,0
"ASV_006","dna","doc",0.067586574589497,5.29683432437909e-07,100,0
"ASV_006","rna","doc",0.0745747847135637,1.40335504762638e-07,100,0
"ASV_006","rna_dna","doc",0.0476578123119942,6.32334005765804e-07,100,0
"ASV_006","dna","secchi_depth",0.28202396846828,1.39720923130025e-06,100,0
"ASV_006","rna","secchi_depth",0.301234601340358,4.96389702272035e-06,100,0
"ASV_006","rna_dna","secchi_depth",0.56073984205302,4.55418977644197e-06,100,1
"ASV_006","dna","ph",0.202724327555757,0.154678113034758,100,0
"ASV_006","rna","ph",0.160795699370032,0.0982577335691494,100,0
"ASV_006","rna_dna","ph",0.617723796934824,0.44425651591979,100,0
"ASV_006","dna","dissolved_oxygen",0.0251043228452348,2.30596134599972e-07,100,0
"ASV_006","rna","dissolved_oxygen",0.0411670058587929,3.28729962685741e-07,100,0
"ASV_006","rna_dna","dissolved_oxygen",0.0729659038285073,8.6264786613322e-08,100,1
"ASV_006","dna","day_of_year",0.00317640389234038,0.00133708618178032,100,0
"ASV_006","rna","day_of_year",0.000817091346921865,0.000380126365589884,100,0
"ASV_006","rna_dna","day_of_year",0.00806164874665791,0.00391752917997877,100,0
"ASV_006","dna","days",0.000939541741626105,0.000790254606149056,100,0
"ASV_006","rna","days",0.000165443892518963,4.48914418312333e-08,100,0
"ASV_006","rna_dna","days",0.00127740795723522,0.00114917649520391,100,0
"ASV_007","dna","water_temp",0.0251447573592216,3.33215149753973e-05,100,0
"ASV_007","rna","water_temp",0.0764156966101381,0.0648495519720708,100,0
"ASV_007","rna_dna","water_temp",0.0832253882840575,0.055347659624256,100,0
"ASV_007","dna","specific_conductivity",2.92283018435574,6.55519426592831e-05,100,0
"ASV_007","rna","specific_conductivity",11.5925129504028,1.22281754386109e-05,100,0
"ASV_007","rna_dna","specific_conductivity",9.54613152424959,2.79646636407557e-05,100,0
"ASV_007","dna","salinity",1.89757968589816,0.000233052126824103,100,0
"ASV_007","rna","salinity",25.4009540684504,1.37422907315437e-05,100,0
"ASV_007","rna_dna","salinity",25.2473056305662,0.000162515340356378,100,0
"ASV_007","dna","total_nitrogen",2.45824458377942,1.40968599630368,100,0
"ASV_007","rna","total_nitrogen",0.491319918690798,0.226311561380277,100,0
"ASV_007","rna_dna","total_nitrogen",2.42402986589872,1.78589235924898,100,0
"ASV_007","dna","total_phosphorus",0.00907059046530466,3.98195506964319e-08,100,0
"ASV_007","rna","total_phosphorus",0.00442013728179432,7.72501000769622e-08,100,0
"ASV_007","rna_dna","total_phosphorus",0.00293365991843907,3.9803235452542e-08,100,0
"ASV_007","dna","doc",0.082329033446911,1.59598089573932e-06,100,0
"ASV_007","rna","doc",0.13280587287994,1.27847468215192e-06,100,0
"ASV_007","rna_dna","doc",0.172817756692269,7.16176229976585e-07,100,0
"ASV_007","dna","secchi_depth",0.0538649914465414,1.97898177377396e-06,100,0
"ASV_007","rna","secchi_depth",0.385693360431938,4.17420656284553e-06,100,0
"ASV_007","rna_dna","secchi_depth",0.341880167433663,3.38938681351561e-06,100,0
"ASV_007","dna","ph",0.233525048737281,3.73190431231811e-05,100,0
"ASV_007","rna","ph",0.384916784816424,1.19001637764261e-06,100,1
"ASV_007","rna_dna","ph",0.709938423895604,7.92084197808023e-06,100,1
"ASV_007","dna","dissolved_oxygen",0.0176354747178343,2.83279256396666e-07,100,0
"ASV_007","rna","dissolved_oxygen",0.0637076373101699,2.62519975563876e-07,100,0
"ASV_007","rna_dna","dissolved_oxygen",0.0569361754239778,0.0196078281516259,100,0
"ASV_007","dna","day_of_year",0.00257359145383948,0.00147137987242658,100,0
"ASV_007","rna","day_of_year",0.00550336201244221,0.00379013398415328,100,0
"ASV_007","rna_dna","day_of_year",0.00828383392703721,0.0040999436066151,100,0
"ASV_007","dna","days",0.000275590429989344,2.29977739335919e-08,100,0
"ASV_007","rna","days",0.000767935039287335,0.000336556842790314,100,0
"ASV_007","rna_dna","days",0.00134127509580603,0.000645059220147015,100,0
"ASV_008","dna","water_temp",0.0775660051334444,2.61700355202907e-07,100,0
"ASV_008","rna","water_temp",0.0622705496922745,1.91848073990581e-07,100,0
"ASV_008","rna_dna","water_temp",0.106780321159829,0.059777606778506,100,0
"ASV_008","dna","specific_conductivity",20.9700568228394,2.08573715373894e-05,100,1
"ASV_008","rna","specific_conductivity",1.99157068893793,1.75860135670611e-05,100,0
"ASV_008","rna_dna","specific_conductivity",14.1298097994192,6.7283182696711e-05,100,0
"ASV_008","dna","salinity",36.4460048763345,1.32887186667785e-05,100,1
"ASV_008","rna","salinity",0.472295913033301,0.000152088068187878,100,0
"ASV_008","rna_dna","salinity",29.2006997164241,9.49769620921044e-05,100,0
"ASV_008","dna","total_nitrogen",1.34008957816297,3.54676746532593e-06,100,1
"ASV_008","rna","total_nitrogen",0.00921693619884218,3.83202713682988e-06,100,0
"ASV_008","rna_dna","total_nitrogen",2.01007123344896,4.10746656601946e-05,100,1
"ASV_008","dna","total_phosphorus",0.0218890402546838,0.0177300716710102,100,0
"ASV_008","rna","total_phosphorus",0.00930246081892364,0.00506358040605102,100,0
"ASV_008","rna_dna","total_phosphorus",0.0168370818519801,0.00738858627578119,100,0
"ASV_008","dna","doc",0.168812213734516,0.0232932909601822,100,0
"ASV_008","rna","doc",0.0977130498779163,0.0608478397701773,100,0
"ASV_008","rna_dna","doc",0.340793303780112,0.146146470063611,100,0
"ASV_008","dna","secchi_depth",0.132441327681356,1.37736711424668e-06,100,0
"ASV_008","rna","secchi_depth",0.0392146480941377,3.23774709972608e-05,100,0
"ASV_008","rna_dna","secchi_depth",0.237158102282281,0.0949591555891043,100,0
"ASV_008","dna","ph",0.0158503807568216,8.7538179869247e-07,100,0
"ASV_008","rna","ph",0.603673381256974,7.35497711038072e-06,100,1
"ASV_008","rna_dna","ph",0.765223318774952,4.48641100080743e-06,100,1
"ASV_008","dna","dissolved_oxygen",0.0670489253762679,0.042000717704006,100,0
"ASV_008","rna","dissolved_oxygen",0.0684427439049123,0.013567033965962,100,0
"ASV_008","rna_dna","dissolved_oxygen",0.180807058958309,0.0913828969367855,100,0
"ASV_008","dna","day_of_year",0.00736788616346331,0.00453141191725818,100,0
"ASV_008","rna","day_of_year",0.0174471329590358,0.0133062163919848,100,0
"ASV_008","rna_dna","day_of_year",0.036135188805146,0.0255225351725673,100,0.2
"ASV_008","dna","days",0.00299566975204915,0.00188943790625128,100,0
"ASV_008","rna","days",0.00170106211926329,0.000693392590747401,100,0
"ASV_008","rna_dna","days",0.000679647388939661,0.000335319664885413,100,0
"ASV_009","dna","water_temp",0.0341589220809468,0.0173612274319087,100,0
"ASV_009","rna","water_temp",0.0605106057435242,0.0347178991198251,100,0
"ASV_009","rna_dna","water_temp",0.132760396920138,0.0895094004110328,100,0.23
"ASV_009","dna","specific_conductivity",10.1347303196685,1.53538227784165,100,0
"ASV_009","rna","specific_conductivity",11.1810905607853,5.73878895398208e-05,100,1
"ASV_009","rna_dna","specific_conductivity",1.09628946233712,0.844262758734182,100,0
"ASV_009","dna","salinity",22.5045232402765,3.06085445307019e-05,100,1
"ASV_009","rna","salinity",20.694146821382,0.000101872336035199,100,1
"ASV_009","rna_dna","salinity",2.01781768014318,0.000433214097078416,100,0
"ASV_009","dna","total_nitrogen",0.63523467070397,0.307980213028025,100,0
"ASV_009","rna","total_nitrogen",0.358660883464742,1.77447631661641e-05,100,0
"ASV_009","rna_dna","total_nitrogen",0.729816350975113,0.315247257207682,100,0
"ASV_009","dna","total_phosphorus",0.00219547951469213,7.2149210170847e-08,100,0
"ASV_009","rna","total_phosphorus",0.00107725645426996,3.77998930432035e-07,100,0
"ASV_009","rna_dna","total_phosphorus",0.000228463544690173,1.34150487193852e-07,100,0
"ASV_009","dna","doc",0.0135136452258862,6.11778958856895e-06,100,0
"ASV_009","rna","doc",0.157346211126036,9.17294052060014e-06,100,0
"ASV_009","rna_dna","doc",0.425882249840319,0.264313758635276,100,0
"ASV_009","dna","secchi_depth",0.0934808049409356,3.58608917690265e-06,100,0
"ASV_009","rna","secchi_depth",0.255442205265954,1.78013533698477e-06,100,0
"ASV_009","rna_dna","secchi_depth",0.414414334804306,1.05240248532656e-06,100,1
"ASV_009","dna","ph",0.268352246987094,0.0608224601830762,100,0
"ASV_009","rna","ph",0.198014901236252,0.168359765414541,100,0
"ASV_009","rna_dna","ph",0.46885589601008,1.32545826835969e-06,100,1
"ASV_009","dna","dissolved_oxygen",0.077850441938629,0.0406833814791933,100,0
"ASV_009","rna","dissolved_oxygen",0.0402540701621456,0.0204774845919919,100,0
"ASV_009","rna_dna","dissolved_oxygen",0.127181399422295,0.0560385304092843,100,0
"ASV_009","dna","day_of_year",0.00901473652101364,0.00449230156990745,100,0
"ASV_009","rna","day_of_year",0.0122803520997252,0.0115794689731271,100,0.05
"ASV_009","rna_dna","day_of_year",0.020102292951005,0.015209714491773,100,0.06
"ASV_009","dna","days",0.00320321377151957,0.00140955388210156,100,0
"ASV_009","rna","days",0.000557657182783836,0.000116060436408502,100,0
"ASV_009","rna_dna","days",0.00425876071533994,0.00327781053511967,100,0
"ASV_010","dna","water_temp",0.00319635999376391,1.51045343511131e-07,100,0
"ASV_010","rna","water_temp",0.0256728271936879,3.78675619153358e-08,100,0
"ASV_010","rna_dna","water_temp",0.0206358105287755,1.66933937013847e-06,100,0
"ASV_010","dna","specific_conductivity",12.2904204482854,2.53801624087681e-05,100,1
"ASV_010","rna","specific_conductivity",5.49503141448294,3.73964509766859,100,0
"ASV_010","rna_dna","specific_conductivity",47.3352687424454,33.0675904420691,100,0
"ASV_010","dna","salinity",23.1041763382775,2.48717785661924e-05,100,1
"ASV_010","rna","salinity",8.55534859309611,7.30449954562125,100,0
"ASV_010","rna_dna","salinity",89.3852762440022,54.3114120387195,100,0.18
"ASV_010","dna","total_nitrogen",1.06136715253133,0.376412453717967,100,0
"ASV_010","rna","total_nitrogen",0.428095269065997,3.21460189917775e-06,100,0
"ASV_010","rna_dna","total_nitrogen",1.06550227365646,0.80615101821571,100,0
"ASV_010","dna","total_phosphorus",0.00877004811273911,0.0046732260308123,100,0
"ASV_010","rna","total_phosphorus",0.00608129704791796,3.61092294669267e-08,100,0
"ASV_010","rna_dna","total_phosphorus",0.0065483258246076,0.00922255691391631,100,0
"ASV_010","dna","doc",0.362865143305437,0.143051869096279,100,0
"ASV_010","rna","doc",0.00447094781552942,3.86503189600615e-06,100,0
"ASV_010","rna_dna","doc",0.543502490747553,0.357663322935123,100,0
"ASV_010","dna","secchi_depth",0.0080826422517481,1.43585739185354e-05,100,0
"ASV_010","rna","secchi_depth",0.30069282191454,5.53533443008467e-07,100,0
"ASV_010","rna_dna","secchi_depth",0.175428073552769,2.28857633047088e-07,100,0
"ASV_010","dna","ph",0.0376544187965869,1.03102714063124e-06,100,0
"ASV_010","rna","ph",0.0609746838394983,6.74013908245575e-06,100,0
"ASV_010","rna_dna","ph",0.00987259214125366,1.59429724053565e-07,100,0
"ASV_010","dna","dissolved_oxygen",0.0228987639893425,1.26022918726371e-06,100,0
"ASV_010","rna","dissolved_oxygen",0.0258829474264568,1.47757200088149e-06,100,0
"ASV_010","rna_dna","dissolved_oxygen",0.00506380959001444,5.18099032792129e-08,100,0
"ASV_010","dna","day_of_year",0.00554229698621101,0.00403369566691163,100,0
"ASV_010","rna","day_of_year",0.00723326151157497,0.00408039177360679,100,0
"ASV_010","rna_dna","day_of_year",0.009187218185775,0.00743081208680494,100,0
"ASV_010","dna","days",0.00121014433151062,0.000956955266709445,100,0
"ASV_010","rna","days",0.000960243635223105,0.000387533024197362,100,0
"ASV_010","rna_dna","days",0.000523138505833498,6.46262425175055e-09,100,0
"ASV_011","dna","water_temp",0.0737335116464766,0.0315443124592473,100,0
"ASV_011","rna","water_temp",0.012824091342806,2.63899923322755e-07,100,0
"ASV_011","rna_dna","water_temp",0.14493941125175,0.0942934614533194,100,0
"ASV_011","dna","specific_conductivity",9.08783529258454,1.45363128782566e-05,100,0
"ASV_011","rna","specific_conductivity",1.33458855598852,1.64223016260555e-05,100,0
"ASV_011","rna_dna","specific_conductivity",12.7422875551597,6.65767719285752,100,0.11
"ASV_011","dna","salinity",17.8355647884757,3.7945219079381e-05,100,0
"ASV_011","rna","salinity",6.39131996292388,3.12146104615448e-05,100,0
"ASV_011","rna_dna","salinity",32.763579574164,0.000142246196143345,100,1
"ASV_011","dna","total_nitrogen",1.22668448344004,1.84946630900196e-06,100,1
"ASV_011","rna","total_nitrogen",0.262741326095984,2.81570218459674e-06,100,0
"ASV_011","rna_dna","total_nitrogen",0.706158412420313,7.87099139469731e-05,100,0
"ASV_011","dna","total_phosphorus",0.0069289268873565,0.00309458006670734,100,0
"ASV_011","rna","total_phosphorus",0.00231804997923917,6.02320133692412e-08,100,0
"ASV_011","rna_dna","total_phosphorus",0.0073772954776855,1.53610679368703e-07,100,0
"ASV_011","dna","doc",0.146036486390348,1.50750890515917e-06,100,0
"ASV_011","rna","doc",0.266949595802473,0.355225186303858,100,0
"ASV_011","rna_dna","doc",0.188732852597474,1.31658477118648e-06,100,0
"ASV_011","dna","secchi_depth",0.132715428721612,0.00569715911116374,100,0
"ASV_011","rna","secchi_depth",0.348037360266207,0.000108941991275415,100,0
"ASV_011","rna_dna","secchi_depth",0.439355866226323,0.263527739619664,100,0
"ASV_011","dna","ph",0.22790888175958,0.000185652482882629,100,0
"ASV_011","rna","ph",0.211131686879713,1.22766450895902e-06,100,0
"ASV_011","rna_dna","ph",0.608375533414988,0.339840135374064,100,0.17
"ASV_011","dna","dissolved_oxygen",0.0766188138896668,0.0538378129874646,100,0
"ASV_011","rna","dissolved_oxygen",0.0690823453411125,0.0396060397771595,100,0
"ASV_011","rna_dna","dissolved_oxygen",0.0955195165988035,0.0777413865555169,100,0
"ASV_011","dna","day_of_year",0.00656187019390417,0.00431296804495812,100,0
"ASV_011","rna","day_of_year",0.00661477439149448,0.00447070857998355,100,0
"ASV_011","rna_dna","day_of_year",0.0210329760752696,0.0169123579833169,100,0.08
"ASV_011","dna","days",0.00384933024919672,0.0024444231906084,100,0
"ASV_011","rna","days",0.000318626256874659,4.49892456955867e-05,100,0
"ASV_011","rna_dna","days",0.00255256069153167,1.62250907126556e-08,100,1
"ASV_012","dna","water_temp",0.0700823371092003,2.77888926004716e-07,100,0
"ASV_012","rna","water_temp",0.110730045057833,1.11591560053669e-07,100,0
"ASV_012","rna_dna","water_temp",0.0896912431662892,0.0568038189858273,100,0
"ASV_012","dna","specific_conductivity",12.5962880678375,2.64620960653715e-05,100,0
"ASV_012","rna","specific_conductivity",2.28469348589064,0.000684681236785535,100,0
"ASV_012","rna_dna","specific_conductivity",7.77672146841993,3.40729025477506e-05,100,0
"ASV_012","dna","salinity",23.2565636584306,6.48885026791815e-05,100,0
"ASV_012","rna","salinity",2.91393478290156,0.726438923095536,100,0
"ASV_012","rna_dna","salinity",22.8255650144646,0.000145641560617131,100,0
"ASV_012","dna","total_nitrogen",1.28719939048963,2.72155767316985e-06,100,0
"ASV_012","rna","total_nitrogen",0.542282474942383,4.75364421806512e-06,100,0
"ASV_012","rna_dna","total_nitrogen",2.46711442125274,0.0360129525958778,100,0.19
"ASV_012","dna","total_phosphorus",0.0379298430490309,0.0392606529151568,100,0.22
"ASV_012","rna","total_phosphorus",0.00384016548165738,2.78026858401898e-06,100,0
"ASV_012","rna_dna","total_phosphorus",0.0210262420652844,0.00862997543158816,100,0
"ASV_012","dna","doc",0.167415270665567,1.50270681681898e-05,100,0
"ASV_012","rna","doc",0.292044455232424,2.34555927233347e-05,100,0
"ASV_012","rna_dna","doc",0.555623984748221,0.46169061479488,100,0
"ASV_012","dna","secchi_depth",0.0265273685972543,2.61090715107382e-06,100,0
"ASV_012","rna","secchi_depth",0.152160474054462,0.0537152969971919,100,0
"ASV_012","rna_dna","secchi_depth",0.146898008997547,0.112172498661415,100,0
"ASV_012","dna","ph",0.20642209651506,0.082807209970154,100,0
"ASV_012","rna","ph",0.98956561324853,3.54435958883057e-05,100,1
"ASV_012","rna_dna","ph",0.728302704017458,0.135696674968305,100,0
"ASV_012","dna","dissolved_oxygen",0.103276706941989,0.0577913840171272,100,0
"ASV_012","rna","dissolved_oxygen",0.102159575730748,7.60874875860061e-07,100,0
"ASV_012","rna_dna","dissolved_oxygen",0.301093215313193,0.126997040899669,100,0
"ASV_012","dna","day_of_year",0.00570047600864757,0.0044841855134274,100,0
"ASV_012","rna","day_of_year",0.0274099509054287,0.0193875046419098,100,0.01
"ASV_012","rna_dna","day_of_year",0.0295395097628022,0.0199076898054107,100,0.04
"ASV_012","dna","days",0.0054117228077081,0.00214622158237276,100,0
"ASV_012","rna","days",0.0100869331155592,0.00900042045209446,100,0
"ASV_012","rna_dna","days",0.00166519646016099,0.00098959153956283,100,0
"ASV_013","dna","water_temp",0.119783384323879,1.51055753506766e-05,100,0
"ASV_013","rna","water_temp",0.025329371637824,1.26859156055635e-06,100,0
"ASV_013","rna_dna","water_temp",0.241494481650202,0.174544625676919,100,0.22
"ASV_013","dna","specific_conductivity",11.7534915058345,9.25769392450405,100,0
"ASV_013","rna","specific_conductivity",9.13077069479054,1.6138375563488e-05,100,0
"ASV_013","rna_dna","specific_conductivity",0.104981377220942,0.00074138696744677,100,0
"ASV_013","dna","salinity",19.9233526149794,0.000387153468240477,100,0
"ASV_013","rna","salinity",2.3507317482711,0.000467255487422113,100,0
"ASV_013","rna_dna","salinity",18.4878514891114,5.72177115753549e-05,100,0
"ASV_013","dna","total_nitrogen",0.822961469972645,2.3418514141698e-05,100,0
"ASV_013","rna","total_nitrogen",0.500334640069664,0.300853081425974,100,0
"ASV_013","rna_dna","total_nitrogen",0.909989495479422,1.46214713985831e-05,100,0
"ASV_013","dna","total_phosphorus",0.0127870331775328,0.0175394998809089,100,0
"ASV_013","rna","total_phosphorus",0.00613117989892738,5.57657016738992e-08,100,0
"ASV_013","rna_dna","total_phosphorus",0.0176929956002717,0.0135505457583015,100,0
"ASV_013","dna","doc",0.1384314047326,1.07797515118205e-05,100,0
"ASV_013","rna","doc",0.326068474799318,0.0691917012760052,100,0
"ASV_013","rna_dna","doc",0.226487087500079,0.164296737969742,100,0
"ASV_013","dna","secchi_depth",0.0448100265950464,2.78951380220689e-06,100,0
"ASV_013","rna","secchi_depth",0.371508260420567,4.84870342928435e-05,100,0
"ASV_013","rna_dna","secchi_depth",0.280426578169607,0.102342172867156,100,0
"ASV_013","dna","ph",0.239145151129819,4.38445306773236e-07,100,0
"ASV_013","rna","ph",0.269312183965118,8.57798859529837e-07,100,0
"ASV_013","rna_dna","ph",0.301007020243645,8.65060043176496e-06,100,0
"ASV_013","dna","dissolved_oxygen",0.140012268986742,0.0629196658249472,100,0
"ASV_013","rna","dissolved_oxygen",0.0341967841469964,6.22035720145407e-07,100,0
"ASV_013","rna_dna","dissolved_oxygen",0.0822684840477701,0.0374995885488683,100,0
"ASV_013","dna","day_of_year",0.0175105237290111,0.00885417465156462,100,0
"ASV_013","rna","day_of_year",0.0126690248392117,0.00921335753035807,100,0
"ASV_013","rna_dna","day_of_year",0.0395854870006889,0.0291247720547524,100,0.06
"ASV_013","dna","days",0.000193199744733591,2.44787549182585e-09,100,0
"ASV_013","rna","days",0.00115638637687364,3.65809481124705e-09,100,0
"ASV_013","rna_dna","days",0.00631905653639147,0.00524496672628305,100,0
"ASV_014","dna","water_temp",0.0432611650141771,4.94804952059159e-08,100,0
"ASV_014","rna","water_temp",0.0127427816982071,0.00310630497531255,100,0
"ASV_014","rna_dna","water_temp",0.051657465898599,4.93934368389807e-07,100,0
"ASV_014","dna","specific_conductivity",4.33764934346778,0.000160792618092124,100,0
"ASV_014","rna","specific_conductivity",5.64001522968898,6.76051814029818e-05,100,0
"ASV_014","rna_dna","specific_conductivity",8.80511322150257,1.08325868285492e-05,100,0
"ASV_014","dna","salinity",7.10891124279494,2.49593349490032,100,0
"ASV_014","rna","salinity",9.73856808915759,0.816260786001294,100,0
"ASV_014","rna_dna","salinity",17.2145475758061,1.69134663544919e-05,100,0
"ASV_014","dna","total_nitrogen",0.220638586649996,0.157807004405575,100,0
"ASV_014","rna","total_nitrogen",0.321330813877252,0.00109400983569846,100,0
"ASV_014","rna_dna","total_nitrogen",0.234822408632756,0.152784202005662,100,0
"ASV_014","dna","total_phosphorus",0.0142175484823678,0.0113271352078406,100,0
"ASV_014","rna","total_phosphorus",0.00489268714782655,0.00196852768355885,100,0
"ASV_014","rna_dna","total_phosphorus",0.0208954288895749,0.0130738929873491,100,0.09
"ASV_014","dna","doc",0.0377737056965439,1.93557864056957e-06,100,0
"ASV_014","rna","doc",0.0956059744546032,0.0727973948742515,100,0
"ASV_014","rna_dna","doc",0.293864649744579,0.149717879502929,100,0
"ASV_014","dna","secchi_depth",0.0950977753134756,1.45361013961943e-06,100,0
"ASV_014","rna","secchi_depth",0.215298498090499,0.00240760795267141,100,0
"ASV_014","rna_dna","secchi_depth",0.587610164376129,0.521766759036856,100,0.09
"ASV_014","dna","ph",0.0976540905456435,1.23871847082114e-06,100,0
"ASV_014","rna","ph",0.155201952808632,3.0055522399506e-06,100,0
"ASV_014","rna_dna","ph",0.0122518949373902,1.03907806605223e-06,100,0
"ASV_014","dna","dissolved_oxygen",0.0191269544807019,8.21771032061137e-07,100,0
"ASV_014","rna","dissolved_oxygen",0.0357210963883314,2.07088602193892e-07,100,0
"ASV_014","rna_dna","dissolved_oxygen",0.0144632573683617,0.00835635170447396,100,0
"ASV_014","dna","day_of_year",0.0107741976598259,0.00543553624677543,100,0.05
"ASV_014","rna","day_of_year",0.0051751635676922,0.0039781401187697,100,0
"ASV_014","rna_dna","day_of_year",0.0172889629220992,0.0104025473570133,100,0.12
"ASV_014","dna","days",5.00348414468387e-05,7.13808159205021e-09,100,0
"ASV_014","rna","days",0.000202339429998082,3.22743725466831e-09,100,0
"ASV_014","rna_dna","days",0.000183676105492633,7.86856483642477e-09,100,0
"ASV_015","dna","water_temp",0.0472302264232951,0.0373485042720352,100,0
"ASV_015","rna","water_temp",0.00373045965562437,2.51985571067235e-05,100,0
"ASV_015","rna_dna","water_temp",0.00139759754255241,2.8177010204015e-06,100,0
"ASV_015","dna","specific_conductivity",1.35587376718919,1.61134685680241e-05,100,0
"ASV_015","rna","specific_conductivity",0.92623876520435,8.94026468261252e-05,100,0
"ASV_015","rna_dna","specific_conductivity",7.72235971150971,8.62736782152639e-05,100,0
"ASV_015","dna","salinity",1.31041235432815,8.9844711596745e-05,100,0
"ASV_015","rna","salinity",1.92071542332537,0.00012047491054937,100,0
"ASV_015","rna_dna","salinity",9.17422866565042,0.000129424095867801,100,0
"ASV_015","dna","total_nitrogen",0.578744748826246,0.345709924042215,100,0
"ASV_015","rna","total_nitrogen",0.660514906404142,9.49897197056234e-06,100,0
"ASV_015","rna_dna","total_nitrogen",3.24994032380369,2.20833697190803,100,0
"ASV_015","dna","total_phosphorus",0.00284931712044464,6.85213086895546e-07,100,0
"ASV_015","rna","total_phosphorus",0.00374442508993888,9.73119097855743e-08,100,0
"ASV_015","rna_dna","total_phosphorus",0.00561924927707056,0.00335480951626195,100,0
"ASV_015","dna","doc",0.136473233753114,5.85827165420202e-05,100,0
"ASV_015","rna","doc",0.0396987230573807,2.34831304172969e-05,100,0
"ASV_015","rna_dna","doc",0.381689299495055,0.214752857031409,100,0
"ASV_015","dna","secchi_depth",0.156270802604227,0.0887939112903394,100,0
"ASV_015","rna","secchi_depth",0.304265754365936,1.56704595788625e-05,100,0
"ASV_015","rna_dna","secchi_depth",0.674886097577548,0.386459438332695,100,0
"ASV_015","dna","ph",0.00463591482126168,1.77216368962356e-05,100,0
"ASV_015","rna","ph",0.242264869917975,0.0986663763432693,100,0
"ASV_015","rna_dna","ph",0.0612073735954578,0.000172025259776642,100,0
"ASV_015","dna","dissolved_oxygen",0.0542138297827939,0.0219328741091996,100,0
"ASV_015","rna","dissolved_oxygen",0.0252700129269773,1.21457433691178e-05,100,0
"ASV_015","rna_dna","dissolved_oxygen",0.056086892256547,0.0437008149199707,100,0
"ASV_015","dna","day_of_year",0.00948850064792336,0.00536413293218078,100,0
"ASV_015","rna","day_of_year",0.0280123262506644,0.0216538174623978,100,0.2
"ASV_015","rna_dna","day_of_year",0.0428085812559655,0.0250881588639268,100,0.14
"ASV_015","dna","days",0.0134287748042167,0.00808644965056392,100,0
"ASV_015","rna","days",0.00107093156844771,3.71680972475333e-08,100,0
"ASV_015","rna_dna","days",0.0139877584503233,0.0112793256616713,100,0
"ASV_016","dna","water_temp",0.0643835311622839,0.0386536307499031,100,0
"ASV_016","rna","water_temp",0.0226978501013352,2.50146362913419e-05,100,0
"ASV_016","rna_dna","water_temp",0.0709218423218756,1.42211114575328e-06,100,0
"ASV_016","dna","specific_conductivity",8.81574392654283,0.00159668369555181,100,0
"ASV_016","rna","specific_conductivity",4.41323485505354,5.79559880831192e-05,100,0
"ASV_016","rna_dna","specific_conductivity",12.2844764952659,0.00087920418485702,100,0
"ASV_016","dna","salinity",18.3958314769242,0.00808444434924255,100,0
"ASV_016","rna","salinity",10.2317244448847,4.97117810401255e-05,100,0
"ASV_016","rna_dna","salinity",27.4848170891668,0.00167769417227696,100,1
"ASV_016","dna","total_nitrogen",0.132362529991708,1.86260413312725e-05,100,0
"ASV_016","rna","total_nitrogen",0.624570149070322,0.832784114565706,100,0
"ASV_016","rna_dna","total_nitrogen",0.648020252954721,0.665283060235327,100,0
"ASV_016","dna","total_phosphorus",0.00359117631421046,0.0014109081020017,100,0
"ASV_016","rna","total_phosphorus",0.00662308210174875,1.40957636032523e-07,100,0
"ASV_016","rna_dna","total_phosphorus",0.0102097843136073,0.00246213418896448,100,0
"ASV_016","dna","doc",0.28298818692376,2.43975302854844e-06,100,0
"ASV_016","rna","doc",0.00127713266724928,3.35861920352171e-05,100,0
"ASV_016","rna_dna","doc",0.157913443837135,8.52766459550222e-06,100,0
"ASV_016","dna","secchi_depth",0.216841590971055,3.99395907485071e-06,100,0
"ASV_016","rna","secchi_depth",0.154334128570234,1.05696207425968e-05,100,0
"ASV_016","rna_dna","secchi_depth",0.291473467995224,2.67589186050668e-05,100,0
"ASV_016","dna","ph",0.0515363162091937,3.63441299781185e-06,100,0
"ASV_016","rna","ph",0.0509235050914248,8.0048303093348e-06,100,0
"ASV_016","rna_dna","ph",0.188666217522622,6.18275811710345e-06,100,0
"ASV_016","dna","dissolved_oxygen",0.0103922730691894,1.8179051587057e-06,100,0
"ASV_016","rna","dissolved_oxygen",0.0110585032745488,6.87521871534814e-07,100,0
"ASV_016","rna_dna","dissolved_oxygen",0.0427817770077176,0.0219723901992438,100,0
"ASV_016","dna","day_of_year",0.00184834936366128,0.00116383559228935,100,0
"ASV_016","rna","day_of_year",0.0188939301062482,0.012783090926336,100,0.07
"ASV_016","rna_dna","day_of_year",0.0232351511006916,0.0196301972077282,100,0.09
"ASV_016","dna","days",0.00212278953611443,0.00120002723117773,100,0
"ASV_016","rna","days",0.00032729090184736,4.44123115387724e-06,100,0
"ASV_016","rna_dna","days",0.0029206947148564,0.00211233106714038,100,0
"ASV_017","dna","water_temp",0.109176539041848,0.00228948480304326,100,0
"ASV_017","rna","water_temp",0.0795085648601643,0.0389121717906087,100,0
"ASV_017","rna_dna","water_temp",0.0481466965572532,1.23480681343427e-07,100,0
"ASV_017","dna","specific_conductivity",1.36641121869776,1.57681775875827e-05,100,0
"ASV_017","rna","specific_conductivity",0.681645451609974,5.80257168117041e-06,100,0
"ASV_017","rna_dna","specific_conductivity",0.458297425101292,1.329682325694e-05,100,0
"ASV_017","dna","salinity",5.09359735538681,6.11573197036879e-06,100,0
"ASV_017","rna","salinity",2.21903824938326,1.0311383403259e-05,100,0
"ASV_017","rna_dna","salinity",0.644552562645106,5.4399163367501e-05,100,0
"ASV_017","dna","total_nitrogen",0.0100464337076083,4.98638273471207e-06,100,0
"ASV_017","rna","total_nitrogen",0.155324749907852,0.0369551951256655,100,0
"ASV_017","rna_dna","total_nitrogen",0.396111688217439,0.175685018163998,100,0
"ASV_017","dna","total_phosphorus",0.00487489466795676,8.56466401864219e-08,100,0
"ASV_017","rna","total_phosphorus",0.00230040969719718,3.59863320822566e-08,100,0
"ASV_017","rna_dna","total_phosphorus",0.00547995241330018,3.27392657145579e-08,100,0
"ASV_017","dna","doc",0.017713001751431,0.000864743342199746,100,0
"ASV_017","rna","doc",0.180726276067882,8.23770634619531e-06,100,0
"ASV_017","rna_dna","doc",0.270908030777944,0.251479620632654,100,0
"ASV_017","dna","secchi_depth",0.0968937384447413,6.53832728040304e-06,100,0
"ASV_017","rna","secchi_depth",0.151122148507321,0.0141901010314315,100,0
"ASV_017","rna_dna","secchi_depth",0.235644096929833,9.56847678331464e-07,100,0
"ASV_017","dna","ph",0.349341050011983,0.245825429134421,100,0
"ASV_017","rna","ph",0.301397983288711,9.15585363897334e-06,100,0
"ASV_017","rna_dna","ph",0.113505047514122,0.0717503833726847,100,0
"ASV_017","dna","dissolved_oxygen",0.0293355466400287,6.6477323877698e-07,100,0
"ASV_017","rna","dissolved_oxygen",0.0377701081303903,0.0167519620781172,100,0
"ASV_017","rna_dna","dissolved_oxygen",0.0752721604499363,0.0394283442103248,100,0
"ASV_017","dna","day_of_year",0.018552604495878,0.0100875574687685,100,0
"ASV_017","rna","day_of_year",0.00709336275592415,0.00492004268665303,100,0
"ASV_017","rna_dna","day_of_year",0.0189205790428908,0.0137422772316795,100,0.03
"ASV_017","dna","days",0.00259888751259106,0.00103649968977501,100,0
"ASV_017","rna","days",0.00042194032982327,0.000154546292572026,100,0
"ASV_017","rna_dna","days",0.00214045663197343,0.00101637475836972,100,0
"ASV_018","dna","water_temp",0.0678016049727376,0.0316663069606766,100,0
"ASV_018","rna","water_temp",0.0137377332914648,3.43763110425349e-06,100,0
"ASV_018","rna_dna","water_temp",0.126101647168269,0.0705187088148194,100,0
"ASV_018","dna","specific_conductivity",8.3376617192604,7.53277616295372e-05,100,0
"ASV_018","rna","specific_conductivity",0.637804983460798,9.41477521191494e-06,100,0
"ASV_018","rna_dna","specific_conductivity",7.79358407434974,0.000110074313482429,100,0
"ASV_018","dna","salinity",14.6692847550325,0.000228090411754456,100,0
"ASV_018","rna","salinity",4.03511334731949,2.79690470843992e-05,100,0
"ASV_018","rna_dna","salinity",14.9664973764673,0.000235357842240546,100,0
"ASV_018","dna","total_nitrogen",0.58458681479086,0.436287408871333,100,0
"ASV_018","rna","total_nitrogen",0.232202514192662,0.156783818492469,100,0
"ASV_018","rna_dna","total_nitrogen",1.24107805124877,0.727298192998767,100,0
"ASV_018","dna","total_phosphorus",0.0320041290565724,0.0179922867876706,100,0.04
"ASV_018","rna","total_phosphorus",0.000985996467671824,7.95806101804701e-08,100,0
"ASV_018","rna_dna","total_phosphorus",0.0284076445076517,0.0201457605846949,100,0
"ASV_018","dna","doc",0.157649860295205,1.24853697508048e-06,100,0
"ASV_018","rna","doc",0.0421798623564419,5.6657655548088e-06,100,0
"ASV_018","rna_dna","doc",0.166032448844558,5.61313963471773e-06,100,0
"ASV_018","dna","secchi_depth",0.148800152516914,0.0718158905394683,100,0
"ASV_018","rna","secchi_depth",0.379608178524612,0.216527059725148,100,0
"ASV_018","rna_dna","secchi_depth",0.169706563258838,8.28251000977824e-07,100,0
"ASV_018","dna","ph",0.908934114045589,0.505826009911735,100,0
"ASV_018","rna","ph",0.607595115452638,0.0266409906185756,100,0
"ASV_018","rna_dna","ph",1.35132846980409,0.879830974107976,100,0.18
"ASV_018","dna","dissolved_oxygen",0.0510391258429033,4.45136127502355e-06,100,0
"ASV_018","rna","dissolved_oxygen",0.0744658462336683,3.86148170265583e-07,100,0
"ASV_018","rna_dna","dissolved_oxygen",0.131599208840836,1.39560920348166e-06,100,1
"ASV_018","dna","day_of_year",0.0229284979068649,0.015137877087139,100,0
"ASV_018","rna","day_of_year",0.0161688943200417,0.0100207588757569,100,0
"ASV_018","rna_dna","day_of_year",0.0385388363473126,0.0253983067457308,100,0.13
"ASV_018","dna","days",0.0137542232547593,0.0150067914018442,100,0.08
"ASV_018","rna","days",0.00973448962523674,0.00689346281879014,100,0.03
"ASV_018","rna_dna","days",0.0167627872106427,0.0188131964962881,100,0.1
"ASV_019","dna","water_temp",0.0481837043664954,0.0224141414135777,100,0
"ASV_019","rna","water_temp",0.048090379629041,0.0248609691698129,100,0
"ASV_019","rna_dna","water_temp",0.0261872123384414,2.76081949554063e-07,100,0
"ASV_019","dna","specific_conductivity",7.07263400961845,2.52681280350479e-06,100,0
"ASV_019","rna","specific_conductivity",1.34410995092572,0.00121882550589094,100,0
"ASV_019","rna_dna","specific_conductivity",5.48596316390669,3.20223950196755,100,0
"ASV_019","dna","salinity",9.26340900667691,1.15319163364644e-05,100,0
"ASV_019","rna","salinity",5.98191759332469,2.61651814619381,100,0
"ASV_019","rna_dna","salinity",9.7816316255258,0.000116628547060714,100,0
"ASV_019","dna","total_nitrogen",0.600041691898397,1.98243790557613e-06,100,0
"ASV_019","rna","total_nitrogen",0.591755026649428,0.456178592262608,100,0
"ASV_019","rna_dna","total_nitrogen",0.874321593165918,0.993925912695978,100,0
"ASV_019","dna","total_phosphorus",0.000630033684210016,8.11983454208488e-08,100,0
"ASV_019","rna","total_phosphorus",0.000958829551017494,1.75558909714201e-07,100,0
"ASV_019","rna_dna","total_phosphorus",0.000655768463759433,4.98577311606746e-07,100,0
"ASV_019","dna","doc",0.00383936069371069,2.27217818193809e-06,100,0
"ASV_019","rna","doc",0.743057231032007,0.787653782780745,100,0.33
"ASV_019","rna_dna","doc",0.526658017153847,0.494230148472746,100,0
"ASV_019","dna","secchi_depth",0.241807623673403,6.53147061052049e-07,100,0
"ASV_019","rna","secchi_depth",0.173413795970076,2.06578128986905e-06,100,0
"ASV_019","rna_dna","secchi_depth",0.144816233726882,2.94281958809627e-06,100,0
"ASV_019","dna","ph",0.251846109121221,2.66637033403004e-07,100,0
"ASV_019","rna","ph",0.13311354184483,0.0470635110241644,100,0
"ASV_019","rna_dna","ph",0.149855248073779,0.0418751041263921,100,0
"ASV_019","dna","dissolved_oxygen",0.0808544321920944,0.0608280574292371,100,0
"ASV_019","rna","dissolved_oxygen",0.0690208622015756,0.0302139230062107,100,0
"ASV_019","rna_dna","dissolved_oxygen",0.076883508249508,0.0408189025930829,100,0
"ASV_019","dna","day_of_year",0.0146537340537056,0.00678469422029288,100,0
"ASV_019","rna","day_of_year",0.0110139285593921,0.00701728552462138,100,0
"ASV_019","rna_dna","day_of_year",0.00732009058279132,0.00461422920729383,100,0
"ASV_019","dna","days",0.00145572052712478,0.000887140835135016,100,0
"ASV_019","rna","days",0.000758801266800835,7.29178782747037e-09,100,0
"ASV_019","rna_dna","days",0.0131508158696082,0.00956791065390794,100,0
"ASV_020","dna","water_temp",0.0664807618120096,0.0417198340125414,100,0
"ASV_020","rna","water_temp",0.0612408516381103,0.00537057212601163,100,0
"ASV_020","rna_dna","water_temp",0.150949902206872,0.100638814988882,100,0.22
"ASV_020","dna","specific_conductivity",9.97322132526999,7.17078594651137e-06,100,0
"ASV_020","rna","specific_conductivity",0.0781968727305605,7.0838020239267e-06,100,0
"ASV_020","rna_dna","specific_conductivity",11.7675202137792,2.05473104536126e-05,100,0
"ASV_020","dna","salinity",6.73636071385154,1.01143551502745e-05,100,0
"ASV_020","rna","salinity",5.07595259219177,1.52488087016041e-05,100,0
"ASV_020","rna_dna","salinity",13.4629439514846,1.19293156610549e-05,100,0
"ASV_020","dna","total_nitrogen",1.10728010776492,0.509700553147144,100,0
"ASV_020","rna","total_nitrogen",0.130288706486578,1.47380338649542e-06,100,0
"ASV_020","rna_dna","total_nitrogen",1.07364130492873,0.815938328901002,100,0
"ASV_020","dna","total_phosphorus",0.00473311138509313,5.95750355935395e-09,100,0
"ASV_020","rna","total_phosphorus",0.00269652412114651,1.48928293828715e-07,100,0
"ASV_020","rna_dna","total_phosphorus",0.0027476156494157,7.35021606276164e-08,100,0
"ASV_020","dna","doc",0.109851409836562,7.80338661990253e-07,100,0
"ASV_020","rna","doc",0.0694600795376552,0.01758240485433,100,0
"ASV_020","rna_dna","doc",0.000552097574373545,2.57920903302424e-07,100,0
"ASV_020","dna","secchi_depth",0.507526233003467,0.303097946963065,100,0
"ASV_020","rna","secchi_depth",0.190766458226287,1.65688384721891e-06,100,0
"ASV_020","rna_dna","secchi_depth",0.471430263867317,1.26839709015723e-05,100,1
"ASV_020","dna","ph",0.0680229595434196,0.0466550359101774,100,0
"ASV_020","rna","ph",0.116435710138101,2.38298707305299e-07,100,0
"ASV_020","rna_dna","ph",0.143200651135015,0.095898903022643,100,0
"ASV_020","dna","dissolved_oxygen",0.0413866112211275,3.72037238073569e-08,100,0
"ASV_020","rna","dissolved_oxygen",0.0759573232348156,0.0478686680645943,100,0
"ASV_020","rna_dna","dissolved_oxygen",0.191895819994893,0.106844179414106,100,0.21
"ASV_020","dna","day_of_year",0.00822826815587465,0.00452173548900899,100,0
"ASV_020","rna","day_of_year",0.0142107493104712,0.00997498889130055,100,0
"ASV_020","rna_dna","day_of_year",0.0274712022119171,0.0219464922417573,100,0.16
"ASV_020","dna","days",0.000712363126907558,0.000449500410946087,100,0
"ASV_020","rna","days",0.000478329293738385,0.000416790426507597,100,0
"ASV_020","rna_dna","days",0.00186374205080305,0.0011818827201751,100,0
"ASV_021","dna","water_temp",0.0107625548346353,8.54604412758987e-07,100,0
"ASV_021","rna","water_temp",0.0818995505132085,0.0356491628023703,100,0
"ASV_021","rna_dna","water_temp",0.0283557126282586,4.1317311303682e-06,100,0
"ASV_021","dna","specific_conductivity",9.22800317608623,0.00010256828677366,100,0
"ASV_021","rna","specific_conductivity",6.17352492375304,0.000894744116132968,100,0
"ASV_021","rna_dna","specific_conductivity",17.9581179630608,2.79324129336024,100,0.61
"ASV_021","dna","salinity",18.4791889755612,0.000324189540685507,100,0
"ASV_021","rna","salinity",21.6379065576708,0.000100856670770754,100,0
"ASV_021","rna_dna","salinity",40.9201535376933,0.000135175061483672,100,1
"ASV_021","dna","total_nitrogen",0.656622819228767,2.07769689754218e-05,100,0
"ASV_021","rna","total_nitrogen",0.907966135096871,0.54521848867279,100,0
"ASV_021","rna_dna","total_nitrogen",1.23275796578791,0.503261611029257,100,0
"ASV_021","dna","total_phosphorus",0.00210072291679225,6.54008410003795e-07,100,0
"ASV_021","rna","total_phosphorus",0.00551987208093826,1.72097679780016e-07,100,0
"ASV_021","rna_dna","total_phosphorus",7.25637252308483e-05,9.56914076429735e-08,100,0
"ASV_021","dna","doc",0.11650672536218,4.76919761796716e-06,100,0
"ASV_021","rna","doc",0.125857577771103,0.0552135935716902,100,0
"ASV_021","rna_dna","doc",0.0672290867231587,1.1257630895652e-05,100,0
"ASV_021","dna","secchi_depth",0.0600215548897559,4.7975755228318e-06,100,0
"ASV_021","rna","secchi_depth",0.0104701494028272,0.000358844116673488,100,0
"ASV_021","rna_dna","secchi_depth",0.0885328584029153,1.28052817910098e-05,100,0
"ASV_021","dna","ph",0.118707841898939,0.019349905965391,100,0
"ASV_021","rna","ph",0.107605821214712,1.90185881243132e-06,100,0
"ASV_021","rna_dna","ph",0.295055828225652,0.215363806766853,100,0
"ASV_021","dna","dissolved_oxygen",0.0624916012782997,0.041808759764849,100,0
"ASV_021","rna","dissolved_oxygen",0.0337295019446624,7.33743024432955e-07,100,0
"ASV_021","rna_dna","dissolved_oxygen",0.0658170188767793,0.0363128292871329,100,0
"ASV_021","dna","day_of_year",1.02579502960415e-07,5.6147978865943e-08,100,0
"ASV_021","rna","day_of_year",0.00428672610794491,0.00249229570629589,100,0
"ASV_021","rna_dna","day_of_year",0.0172917378756473,0.0115569386513506,100,0
"ASV_021","dna","days",0.00286229246367895,0.00159422172524086,100,0
"ASV_021","rna","days",0.000194113958196717,1.0023995580053e-07,100,0
"ASV_021","rna_dna","days",0.00102442188567833,0.000683706446277856,100,0
