"asv_id","predictor","dtype_a","dtype_b","pair_label","prop_sig","net_direction","max_abs_diff"
"ASV_001","day_of_year","dna","rna","DNA vs RNA",0,-0.0325917864310007,3.29077359614327
"ASV_001","day_of_year","dna","rna_dna","DNA vs RNA:DNA",0.05,-0.0106647024389779,5.78786909400182
"ASV_001","day_of_year","rna","rna_dna","RNA vs RNA:DNA",0,0.0219270839920228,2.71693033051947
"ASV_001","days","dna","rna","DNA vs RNA",0.04,-0.127670258773818,4.03830778109598
"ASV_001","days","dna","rna_dna","DNA vs RNA:DNA",0.29,-0.316445004747985,10.3892758653663
"ASV_001","days","rna","rna_dna","RNA vs RNA:DNA",0.18,-0.188774745974167,6.36527596857598
"ASV_001","dissolved_oxygen","dna","rna","DNA vs RNA",0,-0.137353520890147,2.70785262201217
"ASV_001","dissolved_oxygen","dna","rna_dna","DNA vs RNA:DNA",0.25,-0.775185171127561,7.19513802703507
"ASV_001","dissolved_oxygen","rna","rna_dna","RNA vs RNA:DNA",0.19,-0.637831650237414,4.4872854050229
"ASV_001","doc","dna","rna","DNA vs RNA",0,0.186491582188577,1.94077389977545
"ASV_001","doc","dna","rna_dna","DNA vs RNA:DNA",0,0.0337112224423692,0.86593535790014
"ASV_001","doc","rna","rna_dna","RNA vs RNA:DNA",0,-0.152780359746207,1.07483854187531
"ASV_001","ph","dna","rna","DNA vs RNA",0,0.24040008250746,1.65332239080074
"ASV_001","ph","dna","rna_dna","DNA vs RNA:DNA",1,0.667082066327844,4.58777379445539
"ASV_001","ph","rna","rna_dna","RNA vs RNA:DNA",0.99,0.426681983820384,2.93445140365464
"ASV_001","salinity","dna","rna","DNA vs RNA",0,0.258534394422562,1.2972586237661
"ASV_001","salinity","dna","rna_dna","DNA vs RNA:DNA",0,0.896025416765995,5.29208977986326
"ASV_001","salinity","rna","rna_dna","RNA vs RNA:DNA",0,0.637491022343433,3.99483115609716
"ASV_001","secchi_depth","dna","rna","DNA vs RNA",0,0.203955484540396,1.41526988046614
"ASV_001","secchi_depth","dna","rna_dna","DNA vs RNA:DNA",0,0.153639691768276,0.86940006984085
"ASV_001","secchi_depth","rna","rna_dna","RNA vs RNA:DNA",0,-0.0503157927721202,1.11100038803631
"ASV_001","specific_conductivity","dna","rna","DNA vs RNA",0,0.0901852170447373,1.10713957193236
"ASV_001","specific_conductivity","dna","rna_dna","DNA vs RNA:DNA",0,-0.167376753161299,2.05488449494759
"ASV_001","specific_conductivity","rna","rna_dna","RNA vs RNA:DNA",0,-0.257561970206037,3.16202406687996
"ASV_001","total_nitrogen","dna","rna","DNA vs RNA",0,-0.0230380920324881,0.602372391071167
"ASV_001","total_nitrogen","dna","rna_dna","DNA vs RNA:DNA",0,0.144210178685141,2.76233875515701
"ASV_001","total_nitrogen","rna","rna_dna","RNA vs RNA:DNA",0,0.167248270717629,2.20604078065987
"ASV_001","total_phosphorus","dna","rna","DNA vs RNA",0,-0.163838289178986,0.500169476081768
"ASV_001","total_phosphorus","dna","rna_dna","DNA vs RNA:DNA",0,-0.148783451362365,0.454210243301613
"ASV_001","total_phosphorus","rna","rna_dna","RNA vs RNA:DNA",0,0.0150548378166204,0.0459592327801552
"ASV_001","water_temp","dna","rna","DNA vs RNA",0,0.122518177151353,1.40212241051152
"ASV_001","water_temp","dna","rna_dna","DNA vs RNA:DNA",0.05,0.0666959398632186,4.44978169893232
"ASV_001","water_temp","rna","rna_dna","RNA vs RNA:DNA",0,-0.0558222372881347,3.0476592884208
"ASV_002","day_of_year","dna","rna","DNA vs RNA",0,0.000293914760953201,0.00987637170040626
"ASV_002","day_of_year","dna","rna_dna","DNA vs RNA:DNA",0.12,0.022949705260812,1.00286116227494
"ASV_002","day_of_year","rna","rna_dna","RNA vs RNA:DNA",0.09,0.0226557904998588,1.00406886798041
"ASV_002","days","dna","rna","DNA vs RNA",0.53,-0.0138063489774659,0.639498901816468
"ASV_002","days","dna","rna_dna","DNA vs RNA:DNA",0.78,-0.0254501914650147,1.18027523955566
"ASV_002","days","rna","rna_dna","RNA vs RNA:DNA",0.98,-0.0116438424875487,0.540776337739196
"ASV_002","dissolved_oxygen","dna","rna","DNA vs RNA",0.99,-0.174850201143432,0.808281059354339
"ASV_002","dissolved_oxygen","dna","rna_dna","DNA vs RNA:DNA",0,-0.153508456287787,0.709626627333351
"ASV_002","dissolved_oxygen","rna","rna_dna","RNA vs RNA:DNA",0,0.0213417448556454,0.0986544320209879
"ASV_002","doc","dna","rna","DNA vs RNA",0,0.000633637664965862,0.0492458814712997
"ASV_002","doc","dna","rna_dna","DNA vs RNA:DNA",0,0.0655676593364841,0.343944640542325
"ASV_002","doc","rna","rna_dna","RNA vs RNA:DNA",0,0.0649340216715182,0.350660042438759
"ASV_002","ph","dna","rna","DNA vs RNA",0,-0.0234919090183486,0.161566561033192
"ASV_002","ph","dna","rna_dna","DNA vs RNA:DNA",0,-0.0223268823941277,0.257195913517305
"ASV_002","ph","rna","rna_dna","RNA vs RNA:DNA",0,0.00116502662422094,0.371199563972302
"ASV_002","salinity","dna","rna","DNA vs RNA",0,0.164649754254624,1.28005801010743
"ASV_002","salinity","dna","rna_dna","DNA vs RNA:DNA",0,0.187342368572376,1.45648305862787
"ASV_002","salinity","rna","rna_dna","RNA vs RNA:DNA",0,0.0226926143177522,0.176425048520445
"ASV_002","secchi_depth","dna","rna","DNA vs RNA",0.06,-0.0606365843493702,0.372638931438337
"ASV_002","secchi_depth","dna","rna_dna","DNA vs RNA:DNA",0,-0.033607977676499,0.267811609639271
"ASV_002","secchi_depth","rna","rna_dna","RNA vs RNA:DNA",0,0.0270286066728711,0.104827321799065
"ASV_002","specific_conductivity","dna","rna","DNA vs RNA",0,-0.0395717320718408,0.485808018292732
"ASV_002","specific_conductivity","dna","rna_dna","DNA vs RNA:DNA",0,-0.0953224641167537,1.42164056893054
"ASV_002","specific_conductivity","rna","rna_dna","RNA vs RNA:DNA",0,-0.0557507320449129,0.935832550637803
"ASV_002","total_nitrogen","dna","rna","DNA vs RNA",0,-0.00405642955379737,0.106071863960041
"ASV_002","total_nitrogen","dna","rna_dna","DNA vs RNA:DNA",0,-0.0102669312325906,0.268429805366299
"ASV_002","total_nitrogen","rna","rna_dna","RNA vs RNA:DNA",0,-0.00621050167879322,0.162357941406258
"ASV_002","total_phosphorus","dna","rna","DNA vs RNA",0,0.0304901051006372,0.167034373165752
"ASV_002","total_phosphorus","dna","rna_dna","DNA vs RNA:DNA",0,0.173337395909151,0.688509750672215
"ASV_002","total_phosphorus","rna","rna_dna","RNA vs RNA:DNA",0,0.142847290808513,0.521475377506463
"ASV_002","water_temp","dna","rna","DNA vs RNA",0.83,-0.112895114222371,1.37388698582435
"ASV_002","water_temp","dna","rna_dna","DNA vs RNA:DNA",0,-0.0204549869792213,1.11666279163003
"ASV_002","water_temp","rna","rna_dna","RNA vs RNA:DNA",0.21,0.0924401272431493,0.423757776691912
"ASV_003","day_of_year","dna","rna","DNA vs RNA",0,-0.00429220488428979,0.350300848511254
"ASV_003","day_of_year","dna","rna_dna","DNA vs RNA:DNA",0.35,0.0249317887844521,1.15588722985983
"ASV_003","day_of_year","rna","rna_dna","RNA vs RNA:DNA",0,0.0292239936687418,0.876854187946477
"ASV_003","days","dna","rna","DNA vs RNA",0.58,-0.0115278831128969,0.59014408656411
"ASV_003","days","dna","rna_dna","DNA vs RNA:DNA",0.63,-0.0212271368573432,1.45170598894422
"ASV_003","days","rna","rna_dna","RNA vs RNA:DNA",0.41,-0.00969925374444625,0.861561902380113
"ASV_003","dissolved_oxygen","dna","rna","DNA vs RNA",1,-0.215356386825401,0.995533046728894
"ASV_003","dissolved_oxygen","dna","rna_dna","DNA vs RNA:DNA",1,-0.372172987625076,1.72045343931694
"ASV_003","dissolved_oxygen","rna","rna_dna","RNA vs RNA:DNA",0.99,-0.156816600799674,0.724920392588042
"ASV_003","doc","dna","rna","DNA vs RNA",0,-0.0203784661573824,0.174551598629557
"ASV_003","doc","dna","rna_dna","DNA vs RNA:DNA",0,-0.0231778686587882,0.198529848537588
"ASV_003","doc","rna","rna_dna","RNA vs RNA:DNA",0,-0.00279940250140584,0.0239782499080309
"ASV_003","ph","dna","rna","DNA vs RNA",0,-0.012017018164178,0.0826464689332846
"ASV_003","ph","dna","rna_dna","DNA vs RNA:DNA",0,-0.0336358915125025,0.231327654060078
"ASV_003","ph","rna","rna_dna","RNA vs RNA:DNA",0,-0.0216188733483245,0.148681185126793
"ASV_003","salinity","dna","rna","DNA vs RNA",0,0.0371623239317244,0.288920659794688
"ASV_003","salinity","dna","rna_dna","DNA vs RNA:DNA",0,0.135696491337487,1.05496657137034
"ASV_003","salinity","rna","rna_dna","RNA vs RNA:DNA",0,0.0985341674057629,0.76604591157565
"ASV_003","secchi_depth","dna","rna","DNA vs RNA",0,-0.0148356179134845,0.122168930073531
"ASV_003","secchi_depth","dna","rna_dna","DNA vs RNA:DNA",0,-0.0587274399484102,0.300943018389308
"ASV_003","secchi_depth","rna","rna_dna","RNA vs RNA:DNA",0,-0.0438918220349257,0.212617686660522
"ASV_003","specific_conductivity","dna","rna","DNA vs RNA",0,0.0160957905591648,0.444091968218552
"ASV_003","specific_conductivity","dna","rna_dna","DNA vs RNA:DNA",0,-0.010898813259148,0.148592258974206
"ASV_003","specific_conductivity","rna","rna_dna","RNA vs RNA:DNA",0,-0.0269946038183129,0.354653501969634
"ASV_003","total_nitrogen","dna","rna","DNA vs RNA",0,0.00561839036462063,0.146915587248675
"ASV_003","total_nitrogen","dna","rna_dna","DNA vs RNA:DNA",0,0.0124460950927508,0.325427976462752
"ASV_003","total_nitrogen","rna","rna_dna","RNA vs RNA:DNA",0,0.00682770472813015,0.178512389214077
"ASV_003","total_phosphorus","dna","rna","DNA vs RNA",0,-0.0778005485943288,0.56014045710862
"ASV_003","total_phosphorus","dna","rna_dna","DNA vs RNA:DNA",0,-0.087742321541347,0.590492605422729
"ASV_003","total_phosphorus","rna","rna_dna","RNA vs RNA:DNA",0,-0.00994177294701819,0.0303521483141085
"ASV_003","water_temp","dna","rna","DNA vs RNA",0.98,-0.0151134870725798,0.824904841554266
"ASV_003","water_temp","dna","rna_dna","DNA vs RNA:DNA",0,-0.008510742012016,0.464478903433137
"ASV_003","water_temp","rna","rna_dna","RNA vs RNA:DNA",0,0.00660274506056377,0.360425938121129
"ASV_004","day_of_year","dna","rna","DNA vs RNA",0.14,0.0137819232540963,0.854008705193994
"ASV_004","day_of_year","dna","rna_dna","DNA vs RNA:DNA",0.14,-0.0183571299161258,1.02816933435575
"ASV_004","day_of_year","rna","rna_dna","RNA vs RNA:DNA",0,-0.0321390531702221,0.904332821454762
"ASV_004","days","dna","rna","DNA vs RNA",0,-0.00786935351557438,0.38447027452846
"ASV_004","days","dna","rna_dna","DNA vs RNA:DNA",0.55,-0.0126859704562204,0.598564609274786
"ASV_004","days","rna","rna_dna","RNA vs RNA:DNA",0,-0.00481661694064606,0.223702002240162
"ASV_004","dissolved_oxygen","dna","rna","DNA vs RNA",0.27,-0.0811418218113881,0.547373274822149
"ASV_004","dissolved_oxygen","dna","rna_dna","DNA vs RNA:DNA",0.63,-0.145265525212244,1.04222822855358
"ASV_004","dissolved_oxygen","rna","rna_dna","RNA vs RNA:DNA",0,-0.0641237034008557,0.494854953731431
"ASV_004","doc","dna","rna","DNA vs RNA",0,0.00130119859955387,0.352231576090031
"ASV_004","doc","dna","rna_dna","DNA vs RNA:DNA",0,-0.0271775346707329,0.572717935823942
"ASV_004","doc","rna","rna_dna","RNA vs RNA:DNA",0,-0.0284787332702868,0.220486359733912
"ASV_004","ph","dna","rna","DNA vs RNA",0,-0.0284937068586392,0.195960053841283
"ASV_004","ph","dna","rna_dna","DNA vs RNA:DNA",0,-0.0631464164883153,0.434280474415729
"ASV_004","ph","rna","rna_dna","RNA vs RNA:DNA",0,-0.0346527096296761,0.238320420574446
"ASV_004","salinity","dna","rna","DNA vs RNA",0,-0.0503903677988333,0.391748409867675
"ASV_004","salinity","dna","rna_dna","DNA vs RNA:DNA",0,0.0298604935496181,0.232784198982608
"ASV_004","salinity","rna","rna_dna","RNA vs RNA:DNA",0,0.0802508613484514,0.624532608850283
"ASV_004","secchi_depth","dna","rna","DNA vs RNA",0,0.0655529285330217,0.398609537093665
"ASV_004","secchi_depth","dna","rna_dna","DNA vs RNA:DNA",0.09,0.151825128794861,0.696066520101008
"ASV_004","secchi_depth","rna","rna_dna","RNA vs RNA:DNA",0.07,0.0862722002618392,0.854985326531261
"ASV_004","specific_conductivity","dna","rna","DNA vs RNA",0,0.0227942002560775,0.279846642966321
"ASV_004","specific_conductivity","dna","rna_dna","DNA vs RNA:DNA",0,-0.0412550848885303,0.506432261679058
"ASV_004","specific_conductivity","rna","rna_dna","RNA vs RNA:DNA",0,-0.0640492851446078,0.786278904645379
"ASV_004","total_nitrogen","dna","rna","DNA vs RNA",0,-0.00503726247947335,0.131677832625651
"ASV_004","total_nitrogen","dna","rna_dna","DNA vs RNA:DNA",0,-0.053515761628805,0.37345294265126
"ASV_004","total_nitrogen","rna","rna_dna","RNA vs RNA:DNA",0,-0.0484784991493317,0.495044445203989
"ASV_004","total_phosphorus","dna","rna","DNA vs RNA",0,0.00381089454064421,0.0248274133366853
"ASV_004","total_phosphorus","dna","rna_dna","DNA vs RNA:DNA",0,-0.0977727113649247,0.327605072684781
"ASV_004","total_phosphorus","rna","rna_dna","RNA vs RNA:DNA",0,-0.101583605905569,0.31013546421372
"ASV_004","water_temp","dna","rna","DNA vs RNA",0,-0.0120255718852422,0.202831419465717
"ASV_004","water_temp","dna","rna_dna","DNA vs RNA:DNA",0,-0.0667854237663354,0.867358457108871
"ASV_004","water_temp","rna","rna_dna","RNA vs RNA:DNA",0,-0.0547598518810932,0.912118916396251
"ASV_005","day_of_year","dna","rna","DNA vs RNA",0.17,-0.133037372970122,3.62269630461181
"ASV_005","day_of_year","dna","rna_dna","DNA vs RNA:DNA",0.67,-0.356546734175159,8.41923829459273
"ASV_005","day_of_year","rna","rna_dna","RNA vs RNA:DNA",0.26,-0.223509361205037,4.8095015427976
"ASV_005","days","dna","rna","DNA vs RNA",0,-0.00371338615735903,0.75603496330895
"ASV_005","days","dna","rna_dna","DNA vs RNA:DNA",0.14,0.00623561091948882,3.4195686975518
"ASV_005","days","rna","rna_dna","RNA vs RNA:DNA",0,0.00994899707684784,2.66353373424285
"ASV_005","dissolved_oxygen","dna","rna","DNA vs RNA",0.43,0.297163369196479,2.27604357393761
"ASV_005","dissolved_oxygen","dna","rna_dna","DNA vs RNA:DNA",0.73,0.916222965335851,4.5126800135494
"ASV_005","dissolved_oxygen","rna","rna_dna","RNA vs RNA:DNA",0.66,0.619059596139372,2.58226696060112
"ASV_005","doc","dna","rna","DNA vs RNA",0,-0.0451484127213217,0.386752794803079
"ASV_005","doc","dna","rna_dna","DNA vs RNA:DNA",0,-0.24492296221771,2.09794697631136
"ASV_005","doc","rna","rna_dna","RNA vs RNA:DNA",0,-0.199774549496389,1.71119418150828
"ASV_005","ph","dna","rna","DNA vs RNA",0,0.24658083480237,1.69677972277194
"ASV_005","ph","dna","rna_dna","DNA vs RNA:DNA",0.99,0.56639740620228,3.89532178076132
"ASV_005","ph","rna","rna_dna","RNA vs RNA:DNA",0,0.31981657139991,2.19854205798938
"ASV_005","salinity","dna","rna","DNA vs RNA",0,0.604504844473292,4.69974468368591
"ASV_005","salinity","dna","rna_dna","DNA vs RNA:DNA",1,1.22368561436783,9.51357407885462
"ASV_005","salinity","rna","rna_dna","RNA vs RNA:DNA",0,0.619180769894537,4.81382939516871
"ASV_005","secchi_depth","dna","rna","DNA vs RNA",0,0.258109704139329,1.68609965975083
"ASV_005","secchi_depth","dna","rna_dna","DNA vs RNA:DNA",0,0.524767001840609,3.35742947248052
"ASV_005","secchi_depth","rna","rna_dna","RNA vs RNA:DNA",0,0.26665729770128,1.67132981272969
"ASV_005","specific_conductivity","dna","rna","DNA vs RNA",0,-0.25431762838629,3.12200047240176
"ASV_005","specific_conductivity","dna","rna_dna","DNA vs RNA:DNA",0,-0.630702438181421,7.06140368697613
"ASV_005","specific_conductivity","rna","rna_dna","RNA vs RNA:DNA",0,-0.376384809795131,3.93940321457438
"ASV_005","total_nitrogen","dna","rna","DNA vs RNA",0,0.0829487816164662,0.607796371524321
"ASV_005","total_nitrogen","dna","rna_dna","DNA vs RNA:DNA",0,0.0194844336355658,0.50955587840947
"ASV_005","total_nitrogen","rna","rna_dna","RNA vs RNA:DNA",0,-0.0634643479809004,1.07841629631781
"ASV_005","total_phosphorus","dna","rna","DNA vs RNA",0,-0.558164469597796,1.8528287182273
"ASV_005","total_phosphorus","dna","rna_dna","DNA vs RNA:DNA",0.25,-0.894514481157662,2.42521754877822
"ASV_005","total_phosphorus","rna","rna_dna","RNA vs RNA:DNA",0,-0.336350011559866,1.02671197645011
"ASV_005","water_temp","dna","rna","DNA vs RNA",0,0.115261165960719,0.825338334289528
"ASV_005","water_temp","dna","rna_dna","DNA vs RNA:DNA",0.28,0.589899007979321,3.39895238035209
"ASV_005","water_temp","rna","rna_dna","RNA vs RNA:DNA",0.21,0.474637842018602,2.8314015961311
"ASV_006","day_of_year","dna","rna","DNA vs RNA",0,-0.00721034183798756,0.362382505962049
"ASV_006","day_of_year","dna","rna_dna","DNA vs RNA:DNA",0.09,0.00286772712674585,1.0052506924342
"ASV_006","day_of_year","rna","rna_dna","RNA vs RNA:DNA",0,0.0100780689647334,0.67538902646029
"ASV_006","days","dna","rna","DNA vs RNA",0,-0.00435812067934678,0.663641591416104
"ASV_006","days","dna","rna_dna","DNA vs RNA:DNA",0.18,-0.0071389087707799,1.42438413045203
"ASV_006","days","rna","rna_dna","RNA vs RNA:DNA",0,-0.00278078809143313,0.760742539035927
"ASV_006","dissolved_oxygen","dna","rna","DNA vs RNA",0,-0.186316337933401,0.861290388644032
"ASV_006","dissolved_oxygen","dna","rna_dna","DNA vs RNA:DNA",0.99,-0.275716369958762,1.27456057724309
"ASV_006","dissolved_oxygen","rna","rna_dna","RNA vs RNA:DNA",0,-0.0894000320253607,0.41327018859906
"ASV_006","doc","dna","rna","DNA vs RNA",0,-0.0018536979634936,0.0158783024991368
"ASV_006","doc","dna","rna_dna","DNA vs RNA:DNA",0,0.0305724611101455,0.261868255204346
"ASV_006","doc","rna","rna_dna","RNA vs RNA:DNA",0,0.0324261590736391,0.277746557703483
"ASV_006","ph","dna","rna","DNA vs RNA",0,0.0256635427702101,0.870083206191258
"ASV_006","ph","dna","rna_dna","DNA vs RNA:DNA",0.13,0.00506388969962564,1.65583907240967
"ASV_006","ph","rna","rna_dna","RNA vs RNA:DNA",0,-0.0205996530705845,0.785755866218408
"ASV_006","salinity","dna","rna","DNA vs RNA",1,-0.768196299233591,5.97229587589992
"ASV_006","salinity","dna","rna_dna","DNA vs RNA:DNA",1,-1.22627075504783,9.53356330197136
"ASV_006","salinity","rna","rna_dna","RNA vs RNA:DNA",0,-0.458074455814239,3.56126742607145
"ASV_006","secchi_depth","dna","rna","DNA vs RNA",0.99,-0.166942223295431,1.15847587238121
"ASV_006","secchi_depth","dna","rna_dna","DNA vs RNA:DNA",1,-0.241219614470111,1.67391253157739
"ASV_006","secchi_depth","rna","rna_dna","RNA vs RNA:DNA",0,-0.0742773911746793,0.515436659196184
"ASV_006","specific_conductivity","dna","rna","DNA vs RNA",0.91,0.386734385454588,4.60470008237682
"ASV_006","specific_conductivity","dna","rna_dna","DNA vs RNA:DNA",1,0.572583361694596,7.02937311762929
"ASV_006","specific_conductivity","rna","rna_dna","RNA vs RNA:DNA",0,0.185848976240008,2.42467303525247
"ASV_006","total_nitrogen","dna","rna","DNA vs RNA",0,0.0143746011534221,0.37584553620461
"ASV_006","total_nitrogen","dna","rna_dna","DNA vs RNA:DNA",1,0.0558232052412945,1.45958489713983
"ASV_006","total_nitrogen","rna","rna_dna","RNA vs RNA:DNA",0,0.0414486040878724,1.08373936093522
"ASV_006","total_phosphorus","dna","rna","DNA vs RNA",0,0.298416132113832,1.48389168875669
"ASV_006","total_phosphorus","dna","rna_dna","DNA vs RNA:DNA",0.15,0.350096103382756,1.94991417806436
"ASV_006","total_phosphorus","rna","rna_dna","RNA vs RNA:DNA",0,0.051679971268924,0.466022489307668
"ASV_006","water_temp","dna","rna","DNA vs RNA",0,-0.0721717022233911,0.801170245022809
"ASV_006","water_temp","dna","rna_dna","DNA vs RNA:DNA",0,-0.132706175286092,0.904094166580819
"ASV_006","water_temp","rna","rna_dna","RNA vs RNA:DNA",0,-0.0605344730627009,1.20842399045202
"ASV_007","day_of_year","dna","rna","DNA vs RNA",0,-0.0095535028244679,0.460586815505893
"ASV_007","day_of_year","dna","rna_dna","DNA vs RNA:DNA",0,-0.00926711872477422,0.88703278397938
"ASV_007","day_of_year","rna","rna_dna","RNA vs RNA:DNA",0,0.000286384099693677,0.482024204490847
"ASV_007","days","dna","rna","DNA vs RNA",0,0.00391921792064279,0.240377750926365
"ASV_007","days","dna","rna_dna","DNA vs RNA:DNA",0,0.00465510579255059,0.579510708833345
"ASV_007","days","rna","rna_dna","RNA vs RNA:DNA",0,0.000735887871907792,0.33913295790698
"ASV_007","dissolved_oxygen","dna","rna","DNA vs RNA",0,0.129527945060756,0.598775886219818
"ASV_007","dissolved_oxygen","dna","rna_dna","DNA vs RNA:DNA",0,0.112065110179405,0.622860277231497
"ASV_007","dissolved_oxygen","rna","rna_dna","RNA vs RNA:DNA",0,-0.017462834881352,0.162248139889734
"ASV_007","doc","dna","rna","DNA vs RNA",0,0.0570715115895957,0.488846827269772
"ASV_007","doc","dna","rna_dna","DNA vs RNA:DNA",0,0.0676855218876948,0.579762678741812
"ASV_007","doc","rna","rna_dna","RNA vs RNA:DNA",0,0.0106140102980991,0.0909158514720403
"ASV_007","ph","dna","rna","DNA vs RNA",0.99,0.208873094362802,1.43651974832753
"ASV_007","ph","dna","rna_dna","DNA vs RNA:DNA",0.99,0.31864532929922,2.19146924448363
"ASV_007","ph","rna","rna_dna","RNA vs RNA:DNA",0,0.109772234936419,0.754949496156099
"ASV_007","salinity","dna","rna","DNA vs RNA",0,-0.294903879992575,2.29270201107952
"ASV_007","salinity","dna","rna_dna","DNA vs RNA:DNA",0,-0.292977901273786,2.27772284575673
"ASV_007","salinity","rna","rna_dna","RNA vs RNA:DNA",0,0.00192597871878829,0.0149791653227953
"ASV_007","secchi_depth","dna","rna","DNA vs RNA",0,0.0949798316255273,0.659092934583785
"ASV_007","secchi_depth","dna","rna_dna","DNA vs RNA:DNA",0,0.082439183497946,0.572067849455624
"ASV_007","secchi_depth","rna","rna_dna","RNA vs RNA:DNA",0,-0.0125406481275813,0.0870250851281613
"ASV_007","specific_conductivity","dna","rna","DNA vs RNA",0,0.130698015688158,1.60453907432266
"ASV_007","specific_conductivity","dna","rna_dna","DNA vs RNA:DNA",0,0.0998467642608038,1.22579944088537
"ASV_007","specific_conductivity","rna","rna_dna","RNA vs RNA:DNA",0,-0.0308512514273543,0.378739633437293
"ASV_007","total_nitrogen","dna","rna","DNA vs RNA",0.04,0.0291698188083526,1.64205447951729
"ASV_007","total_nitrogen","dna","rna_dna","DNA vs RNA:DNA",0.25,0.0455636662215476,2.91328485303135
"ASV_007","total_nitrogen","rna","rna_dna","RNA vs RNA:DNA",0,0.016393847413195,1.27123037351406
"ASV_007","total_phosphorus","dna","rna","DNA vs RNA",0,-0.129353108425628,0.39489200773772
"ASV_007","total_phosphorus","dna","rna_dna","DNA vs RNA:DNA",0,-0.333899342662993,1.01934124754251
"ASV_007","total_phosphorus","rna","rna_dna","RNA vs RNA:DNA",0,-0.204546234237364,0.624449239804791
"ASV_007","water_temp","dna","rna","DNA vs RNA",0,0.0677065772176118,0.833454970439653
"ASV_007","water_temp","dna","rna_dna","DNA vs RNA:DNA",0,0.119926188641885,0.750796600813588
"ASV_007","water_temp","rna","rna_dna","RNA vs RNA:DNA",0,0.0522196114242732,0.21780933877339
"ASV_008","day_of_year","dna","rna","DNA vs RNA",0.18,0.0510654444456278,2.39224334714753
"ASV_008","day_of_year","dna","rna_dna","DNA vs RNA:DNA",0.35,0.0764143747209928,3.9909315633407
"ASV_008","day_of_year","rna","rna_dna","RNA vs RNA:DNA",0,0.025348930275365,1.59868821619317
"ASV_008","days","dna","rna","DNA vs RNA",0,0.00116995432158441,0.666005046760429
"ASV_008","days","dna","rna_dna","DNA vs RNA:DNA",0.02,0.0115228347783318,1.4633767965154
"ASV_008","days","rna","rna_dna","RNA vs RNA:DNA",0,0.0103528804567474,0.797371749754976
"ASV_008","dissolved_oxygen","dna","rna","DNA vs RNA",0,0.163128725614805,1.13602845814137
"ASV_008","dissolved_oxygen","dna","rna_dna","DNA vs RNA:DNA",0.22,0.168136878666176,1.95411363967368
"ASV_008","dissolved_oxygen","rna","rna_dna","RNA vs RNA:DNA",0,0.00500815305137097,1.29651395199324
"ASV_008","doc","dna","rna","DNA vs RNA",0,0.049443917009084,0.552040295643296
"ASV_008","doc","dna","rna_dna","DNA vs RNA:DNA",0,0.0929981930456695,1.07386622800747
"ASV_008","doc","rna","rna_dna","RNA vs RNA:DNA",0,0.0435542760365855,0.521825932364174
"ASV_008","ph","dna","rna","DNA vs RNA",0,-0.198527956455649,1.36534859132135
"ASV_008","ph","dna","rna_dna","DNA vs RNA:DNA",0.99,-0.253091065842072,1.74060113341332
"ASV_008","ph","rna","rna_dna","RNA vs RNA:DNA",0,-0.0545631093864233,0.375252542091969
"ASV_008","salinity","dna","rna","DNA vs RNA",0,-0.46322282121685,3.60128558823738
"ASV_008","salinity","dna","rna_dna","DNA vs RNA:DNA",1,-0.823679157092888,6.40364509219459
"ASV_008","salinity","rna","rna_dna","RNA vs RNA:DNA",0,-0.360456335876038,2.80235950395721
"ASV_008","secchi_depth","dna","rna","DNA vs RNA",0,0.0491238603903105,0.340908740041194
"ASV_008","secchi_depth","dna","rna_dna","DNA vs RNA:DNA",0,-0.0248398047366537,0.523006785342096
"ASV_008","secchi_depth","rna","rna_dna","RNA vs RNA:DNA",0,-0.0739636651269642,0.343687123228739
"ASV_008","specific_conductivity","dna","rna","DNA vs RNA",0,0.286108376020843,3.51244786119588
"ASV_008","specific_conductivity","dna","rna_dna","DNA vs RNA:DNA",1,0.529148359966448,6.49613027131536
"ASV_008","specific_conductivity","rna","rna_dna","RNA vs RNA:DNA",0,0.243039983945605,2.98368241011948
"ASV_008","total_nitrogen","dna","rna","DNA vs RNA",0,-0.0440072134544657,1.15062889014501
"ASV_008","total_nitrogen","dna","rna_dna","DNA vs RNA:DNA",1,-0.110779874612634,2.89644563256999
"ASV_008","total_nitrogen","rna","rna_dna","RNA vs RNA:DNA",0.97,-0.0667726611581678,1.74581674242498
"ASV_008","total_phosphorus","dna","rna","DNA vs RNA",0,-0.119285728831351,1.17505528729351
"ASV_008","total_phosphorus","dna","rna_dna","DNA vs RNA:DNA",0.15,-0.301295494330502,1.44005523502444
"ASV_008","total_phosphorus","rna","rna_dna","RNA vs RNA:DNA",0,-0.182009765499152,0.741489109387887
"ASV_008","water_temp","dna","rna","DNA vs RNA",0,-0.00393370596011723,0.214702367910427
"ASV_008","water_temp","dna","rna_dna","DNA vs RNA:DNA",0,0.11808181371833,0.89509881625711
"ASV_008","water_temp","rna","rna_dna","RNA vs RNA:DNA",0,0.122015519678447,0.809608697317314
"ASV_009","day_of_year","dna","rna","DNA vs RNA",0.16,0.0353029200326593,1.56412105325454
"ASV_009","day_of_year","dna","rna_dna","DNA vs RNA:DNA",0.35,0.0599211544957993,2.3421891946127
"ASV_009","day_of_year","rna","rna_dna","RNA vs RNA:DNA",0.05,0.02461823446314,1.31352731243155
"ASV_009","days","dna","rna","DNA vs RNA",0.16,0.0120256353479437,0.669018345760785
"ASV_009","days","dna","rna_dna","DNA vs RNA:DNA",0.22,0.00981461622154692,1.42344942594683
"ASV_009","days","rna","rna_dna","RNA vs RNA:DNA",0,-0.00221101912639676,0.820484459273711
"ASV_009","dissolved_oxygen","dna","rna","DNA vs RNA",0,-0.0339086372941001,0.681386219872231
"ASV_009","dissolved_oxygen","dna","rna_dna","DNA vs RNA:DNA",0.56,-0.202562834005354,1.14536860888124
"ASV_009","dissolved_oxygen","rna","rna_dna","RNA vs RNA:DNA",0.16,-0.168654196711254,0.750005721352662
"ASV_009","doc","dna","rna","DNA vs RNA",0,-0.0453233235123098,0.388222544974669
"ASV_009","doc","dna","rna_dna","DNA vs RNA:DNA",0,0.0352363994212927,0.343520092441503
"ASV_009","doc","rna","rna_dna","RNA vs RNA:DNA",0,0.0805597229336026,0.528797655462348
"ASV_009","ph","dna","rna","DNA vs RNA",0,-0.118830903939704,0.89376434907139
"ASV_009","ph","dna","rna_dna","DNA vs RNA:DNA",0.73,-0.258718019142458,1.79002806668869
"ASV_009","ph","rna","rna_dna","RNA vs RNA:DNA",0,-0.139887115202754,0.955073052673981
"ASV_009","salinity","dna","rna","DNA vs RNA",0,-0.0227130992917376,0.17658895301056
"ASV_009","salinity","dna","rna_dna","DNA vs RNA:DNA",0,-0.307678867426503,2.39205626778236
"ASV_009","salinity","rna","rna_dna","RNA vs RNA:DNA",0,-0.284965768134766,2.2154673147718
"ASV_009","secchi_depth","dna","rna","DNA vs RNA",0,-0.0998719856527268,0.693044037365339
"ASV_009","secchi_depth","dna","rna_dna","DNA vs RNA:DNA",0.97,-0.145374279082675,1.00880019116422
"ASV_009","secchi_depth","rna","rna_dna","RNA vs RNA:DNA",0,-0.0455022934299485,0.315756153798876
"ASV_009","specific_conductivity","dna","rna","DNA vs RNA",0,0.0376719206333972,0.347835100614338
"ASV_009","specific_conductivity","dna","rna_dna","DNA vs RNA:DNA",0,0.217391048803988,1.96653806116147
"ASV_009","specific_conductivity","rna","rna_dna","RNA vs RNA:DNA",0,0.179719128170591,1.97256711571894
"ASV_009","total_nitrogen","dna","rna","DNA vs RNA",0,0.0816615857777228,0.902796787146332
"ASV_009","total_nitrogen","dna","rna_dna","DNA vs RNA:DNA",0.2,0.123504568583285,1.33215225149817
"ASV_009","total_nitrogen","rna","rna_dna","RNA vs RNA:DNA",0,0.0418429828055622,0.429355464351833
"ASV_009","total_phosphorus","dna","rna","DNA vs RNA",0,0.0311027056492874,0.0949639646960858
"ASV_009","total_phosphorus","dna","rna_dna","DNA vs RNA:DNA",0,0.0674236219613233,0.205833696904362
"ASV_009","total_phosphorus","rna","rna_dna","RNA vs RNA:DNA",0,0.036320916312036,0.110869732208276
"ASV_009","water_temp","dna","rna","DNA vs RNA",0.05,-0.146799458262462,1.09295397247492
"ASV_009","water_temp","dna","rna_dna","DNA vs RNA:DNA",0.3,-0.25253063347613,1.55739777019746
"ASV_009","water_temp","rna","rna_dna","RNA vs RNA:DNA",0,-0.105731175213669,0.690297241653065
"ASV_010","day_of_year","dna","rna","DNA vs RNA",0.06,0.0159300592229046,0.770311787910963
"ASV_010","day_of_year","dna","rna_dna","DNA vs RNA:DNA",0.17,0.0349798762583567,1.04393269166809
"ASV_010","day_of_year","rna","rna_dna","RNA vs RNA:DNA",0,0.0190498170354521,0.526715594578354
"ASV_010","days","dna","rna","DNA vs RNA",0,0.00597849532709626,0.39917173297844
"ASV_010","days","dna","rna_dna","DNA vs RNA:DNA",0.28,0.00805693784502901,0.961894962579258
"ASV_010","days","rna","rna_dna","RNA vs RNA:DNA",0,0.00207844251793275,0.562723229600817
"ASV_010","dissolved_oxygen","dna","rna","DNA vs RNA",0,-0.00839025972627986,0.0387827698373405
"ASV_010","dissolved_oxygen","dna","rna_dna","DNA vs RNA:DNA",0,0.0786136158059629,0.36340519261875
"ASV_010","dissolved_oxygen","rna","rna_dna","RNA vs RNA:DNA",0,0.0870038755322428,0.402187962456091
"ASV_010","doc","dna","rna","DNA vs RNA",0,0.0738233925021745,0.521776106656803
"ASV_010","doc","dna","rna_dna","DNA vs RNA:DNA",0.39,0.179500187792719,1.38899679545129
"ASV_010","doc","rna","rna_dna","RNA vs RNA:DNA",0.14,0.105676795290544,0.913872448170009
"ASV_010","ph","dna","rna","DNA vs RNA",0,0.00787722465536124,0.0541742420140672
"ASV_010","ph","dna","rna_dna","DNA vs RNA:DNA",0,-0.0160517205292829,0.110393820306773
"ASV_010","ph","rna","rna_dna","RNA vs RNA:DNA",0,-0.0239289451846441,0.16456806232084
"ASV_010","salinity","dna","rna","DNA vs RNA",0.35,0.527650651159663,3.41473403320074
"ASV_010","salinity","dna","rna_dna","DNA vs RNA:DNA",0.81,1.3970477858767,11.8774271745518
"ASV_010","salinity","rna","rna_dna","RNA vs RNA:DNA",0.32,0.869397134717037,8.46269314135105
"ASV_010","secchi_depth","dna","rna","DNA vs RNA",0,-0.0883831634986859,0.613314636043048
"ASV_010","secchi_depth","dna","rna_dna","DNA vs RNA:DNA",0,-0.052529226082993,0.364511243180431
"ASV_010","secchi_depth","rna","rna_dna","RNA vs RNA:DNA",0,0.0358539374156929,0.248803392862617
"ASV_010","specific_conductivity","dna","rna","DNA vs RNA",0,-0.217626182923404,3.28456644174208
"ASV_010","specific_conductivity","dna","rna_dna","DNA vs RNA:DNA",0.71,-0.783139574896564,12.120288055793
"ASV_010","specific_conductivity","rna","rna_dna","RNA vs RNA:DNA",0.26,-0.56551339197316,8.83572161405097
"ASV_010","total_nitrogen","dna","rna","DNA vs RNA",0.12,0.138152128919952,0.842606259919736
"ASV_010","total_nitrogen","dna","rna_dna","DNA vs RNA:DNA",0.37,0.228582591713859,1.62354028990977
"ASV_010","total_nitrogen","rna","rna_dna","RNA vs RNA:DNA",0,0.0904304627939062,0.780934029990038
"ASV_010","total_phosphorus","dna","rna","DNA vs RNA",0,-0.0526469446882785,0.47002311653366
"ASV_010","total_phosphorus","dna","rna_dna","DNA vs RNA:DNA",0,0.045286918729308,0.768598883153433
"ASV_010","total_phosphorus","rna","rna_dna","RNA vs RNA:DNA",0,0.0979338634175865,0.389582827761162
"ASV_010","water_temp","dna","rna","DNA vs RNA",0,-0.00578037011912066,0.315506388692204
"ASV_010","water_temp","dna","rna_dna","DNA vs RNA:DNA",0,-0.00448710806418808,0.244802801910063
"ASV_010","water_temp","rna","rna_dna","RNA vs RNA:DNA",0,0.00129326205493258,0.0707035867821409
"ASV_011","day_of_year","dna","rna","DNA vs RNA",0,0.0194721525616802,0.483191769663769
"ASV_011","day_of_year","dna","rna_dna","DNA vs RNA:DNA",0.31,0.0816950518299692,2.56628990795487
"ASV_011","day_of_year","rna","rna_dna","RNA vs RNA:DNA",0.19,0.062222899268289,2.10050102998105
"ASV_011","days","dna","rna","DNA vs RNA",0.07,-0.0311394156046574,1.29737214214164
"ASV_011","days","dna","rna_dna","DNA vs RNA:DNA",0.55,-0.0586095697307163,2.5743714902811
"ASV_011","days","rna","rna_dna","RNA vs RNA:DNA",0.75,-0.0274701541260589,1.27699934813947
"ASV_011","dissolved_oxygen","dna","rna","DNA vs RNA",0.65,-0.409503452308476,1.28416331518242
"ASV_011","dissolved_oxygen","dna","rna_dna","DNA vs RNA:DNA",0.79,-0.664764532247305,2.085049360232
"ASV_011","dissolved_oxygen","rna","rna_dna","RNA vs RNA:DNA",0.07,-0.255261079938829,0.866497309166344
"ASV_011","doc","dna","rna","DNA vs RNA",0,-0.0661442771807515,0.63114078688268
"ASV_011","doc","dna","rna_dna","DNA vs RNA:DNA",0,0.0888084257125274,0.760688994834751
"ASV_011","doc","rna","rna_dna","RNA vs RNA:DNA",0,0.154952702893279,1.39182978171743
"ASV_011","ph","dna","rna","DNA vs RNA",0,-0.148316367901882,1.02001615320864
"ASV_011","ph","dna","rna_dna","DNA vs RNA:DNA",0.45,-0.29115943464276,2.07286562412299
"ASV_011","ph","rna","rna_dna","RNA vs RNA:DNA",0.13,-0.142843066740878,1.05284947091435
"ASV_011","salinity","dna","rna","DNA vs RNA",0,-0.303979165034743,2.36326656735524
"ASV_011","salinity","dna","rna_dna","DNA vs RNA:DNA",1,-0.634877604858042,4.93580712920476
"ASV_011","salinity","rna","rna_dna","RNA vs RNA:DNA",0,-0.330898439823299,2.57254056184952
"ASV_011","secchi_depth","dna","rna","DNA vs RNA",0,-0.0629957307689495,0.434529560061278
"ASV_011","secchi_depth","dna","rna_dna","DNA vs RNA:DNA",0,-0.138287399115159,0.734417604772061
"ASV_011","secchi_depth","rna","rna_dna","RNA vs RNA:DNA",0,-0.0752916683462093,0.715247531108756
"ASV_011","specific_conductivity","dna","rna","DNA vs RNA",0,0.157123027380144,1.92893432127068
"ASV_011","specific_conductivity","dna","rna_dna","DNA vs RNA:DNA",0.92,0.41273133724852,4.30464471058932
"ASV_011","specific_conductivity","rna","rna_dna","RNA vs RNA:DNA",0.17,0.255608309868376,2.37571038931864
"ASV_011","total_nitrogen","dna","rna","DNA vs RNA",0,0.0318736894809986,0.833392524289337
"ASV_011","total_nitrogen","dna","rna_dna","DNA vs RNA:DNA",1,0.063919104524314,1.67110042902499
"ASV_011","total_nitrogen","rna","rna_dna","RNA vs RNA:DNA",0,0.0320454150433154,0.837707904735649
"ASV_011","total_phosphorus","dna","rna","DNA vs RNA",0,0.205868584048418,0.783013518986253
"ASV_011","total_phosphorus","dna","rna_dna","DNA vs RNA:DNA",0,0.346592224317245,1.21262707080436
"ASV_011","total_phosphorus","rna","rna_dna","RNA vs RNA:DNA",0,0.140723640268827,0.429613551818111
"ASV_011","water_temp","dna","rna","DNA vs RNA",0,-0.132486349010631,0.672823274776608
"ASV_011","water_temp","dna","rna_dna","DNA vs RNA:DNA",0.24,-0.335606782840448,1.51656296269179
"ASV_011","water_temp","rna","rna_dna","RNA vs RNA:DNA",0.17,-0.203120433829817,1.01558241330257
"ASV_012","day_of_year","dna","rna","DNA vs RNA",0.16,0.0239087284470738,2.69356446128206
"ASV_012","day_of_year","dna","rna_dna","DNA vs RNA:DNA",0.08,-0.107427840931468,2.47921470868682
"ASV_012","day_of_year","rna","rna_dna","RNA vs RNA:DNA",0,-0.131336569378542,2.46544806252658
"ASV_012","days","dna","rna","DNA vs RNA",0.02,0.0401394231994589,2.55492240002239
"ASV_012","days","dna","rna_dna","DNA vs RNA:DNA",0.4,0.0554917957263447,2.46735644453485
"ASV_012","days","rna","rna_dna","RNA vs RNA:DNA",0.08,0.0153523725268858,2.21090075901102
"ASV_012","dissolved_oxygen","dna","rna","DNA vs RNA",0.04,0.381551934696275,2.13371083624456
"ASV_012","dissolved_oxygen","dna","rna_dna","DNA vs RNA:DNA",0.54,0.665792525999564,3.96917089659603
"ASV_012","dissolved_oxygen","rna","rna_dna","RNA vs RNA:DNA",0.23,0.284240591303289,1.88968502624084
"ASV_012","doc","dna","rna","DNA vs RNA",0,0.121877279010467,1.0439610842757
"ASV_012","doc","dna","rna_dna","DNA vs RNA:DNA",0.25,0.0534985334222529,1.69486296898809
"ASV_012","doc","rna","rna_dna","RNA vs RNA:DNA",0,-0.0683787455882146,0.894573877852471
"ASV_012","ph","dna","rna","DNA vs RNA",0,-0.25048186460902,1.71331363383386
"ASV_012","ph","dna","rna_dna","DNA vs RNA:DNA",0,-0.141485257133514,1.13272331101474
"ASV_012","ph","rna","rna_dna","RNA vs RNA:DNA",0,0.108996607475506,0.774116166386014
"ASV_012","salinity","dna","rna","DNA vs RNA",0,-0.267572064481063,2.02906279404922
"ASV_012","salinity","dna","rna_dna","DNA vs RNA:DNA",0,-0.578198479632424,4.49517003629227
"ASV_012","salinity","rna","rna_dna","RNA vs RNA:DNA",0,-0.310626415151361,2.46610724224304
"ASV_012","secchi_depth","dna","rna","DNA vs RNA",0,0.0384344025791665,0.312468006706043
"ASV_012","secchi_depth","dna","rna_dna","DNA vs RNA:DNA",0,-0.0604577877189587,0.339211307823705
"ASV_012","secchi_depth","rna","rna_dna","RNA vs RNA:DNA",0,-0.0988921902981252,0.634591404956363
"ASV_012","specific_conductivity","dna","rna","DNA vs RNA",0,0.155428671165614,1.90834049282201
"ASV_012","specific_conductivity","dna","rna_dna","DNA vs RNA:DNA",0,0.307132986071258,3.7705483027382
"ASV_012","specific_conductivity","rna","rna_dna","RNA vs RNA:DNA",0,0.151704314905644,1.86220780991619
"ASV_012","total_nitrogen","dna","rna","DNA vs RNA",0,-0.0604938945519616,1.58170831800917
"ASV_012","total_nitrogen","dna","rna_dna","DNA vs RNA:DNA",0.86,-0.127325469678335,3.25692516640043
"ASV_012","total_nitrogen","rna","rna_dna","RNA vs RNA:DNA",0,-0.066831575126373,1.67521684839127
"ASV_012","total_phosphorus","dna","rna","DNA vs RNA",0.28,-0.257326328638797,1.98584154152364
"ASV_012","total_phosphorus","dna","rna_dna","DNA vs RNA:DNA",0.31,-0.412633477197858,2.46761391497728
"ASV_012","total_phosphorus","rna","rna_dna","RNA vs RNA:DNA",0,-0.155307148559061,1.25340776431301
"ASV_012","water_temp","dna","rna","DNA vs RNA",0,0.0104534159863571,0.570579693820143
"ASV_012","water_temp","dna","rna_dna","DNA vs RNA:DNA",0,0.0230490136412332,1.7117821220212
"ASV_012","water_temp","rna","rna_dna","RNA vs RNA:DNA",0,0.0125955976548761,2.26145316976148
"ASV_013","day_of_year","dna","rna","DNA vs RNA",0.1,-0.0900041306530998,2.53765440366267
"ASV_013","day_of_year","dna","rna_dna","DNA vs RNA:DNA",0.4,-0.178609788055367,5.08384115310981
"ASV_013","day_of_year","rna","rna_dna","RNA vs RNA:DNA",0.04,-0.0886056574022668,2.72904931994309
"ASV_013","days","dna","rna","DNA vs RNA",0,0.0130375306069379,0.605506745347363
"ASV_013","days","dna","rna_dna","DNA vs RNA:DNA",0,0.0503383438095722,2.05080094791649
"ASV_013","days","rna","rna_dna","RNA vs RNA:DNA",0,0.0373008132026344,1.44529420256913
"ASV_013","dissolved_oxygen","dna","rna","DNA vs RNA",0,-0.130076596042292,1.54029821843494
"ASV_013","dissolved_oxygen","dna","rna_dna","DNA vs RNA:DNA",0,-0.0638518769947985,1.6096970744253
"ASV_013","dissolved_oxygen","rna","rna_dna","RNA vs RNA:DNA",0,0.0662247190474936,0.818678476672693
"ASV_013","doc","dna","rna","DNA vs RNA",0,-0.0682289672660079,0.534567249058231
"ASV_013","doc","dna","rna_dna","DNA vs RNA:DNA",0,-0.0598103013342812,0.377986846384293
"ASV_013","doc","rna","rna_dna","RNA vs RNA:DNA",0,0.00841866593172666,0.368259277389522
"ASV_013","ph","dna","rna","DNA vs RNA",0,-0.171724344881712,1.181011635774
"ASV_013","ph","dna","rna_dna","DNA vs RNA:DNA",0,-0.182429472639964,1.25464086056911
"ASV_013","ph","rna","rna_dna","RNA vs RNA:DNA",0,-0.0107051277582516,0.0736292247951141
"ASV_013","salinity","dna","rna","DNA vs RNA",0,-0.279483985488012,2.17280054335303
"ASV_013","salinity","dna","rna_dna","DNA vs RNA:DNA",0,-0.481949804050221,3.74690316245412
"ASV_013","salinity","rna","rna_dna","RNA vs RNA:DNA",0,-0.202465818562209,1.5741026191011
"ASV_013","secchi_depth","dna","rna","DNA vs RNA",0,-0.0934965780650623,0.648835007358576
"ASV_013","secchi_depth","dna","rna_dna","DNA vs RNA:DNA",0,0.119007407391179,0.768523801276278
"ASV_013","secchi_depth","rna","rna_dna","RNA vs RNA:DNA",0,0.212503985456242,1.41735880863485
"ASV_013","specific_conductivity","dna","rna","DNA vs RNA",0,0.0246884565280156,1.64056536243569
"ASV_013","specific_conductivity","dna","rna_dna","DNA vs RNA:DNA",0,0.160779732576161,1.15868057184516
"ASV_013","specific_conductivity","rna","rna_dna","RNA vs RNA:DNA",0,0.136091276048145,1.67054523981043
"ASV_013","total_nitrogen","dna","rna","DNA vs RNA",0,0.0184504558247081,0.483711916969322
"ASV_013","total_nitrogen","dna","rna_dna","DNA vs RNA:DNA",0,-0.0573046030056066,1.49825914733714
"ASV_013","total_nitrogen","rna","rna_dna","RNA vs RNA:DNA",0,-0.0757550588303147,1.32700027241727
"ASV_013","total_phosphorus","dna","rna","DNA vs RNA",0,0.365867798895292,1.11576417244048
"ASV_013","total_phosphorus","dna","rna_dna","DNA vs RNA:DNA",0.5,0.666092799492848,1.85907258727431
"ASV_013","total_phosphorus","rna","rna_dna","RNA vs RNA:DNA",0,0.300225000597555,0.743308414833828
"ASV_013","water_temp","dna","rna","DNA vs RNA",0,-0.0242632067066165,1.32593056805733
"ASV_013","water_temp","dna","rna_dna","DNA vs RNA:DNA",0.53,0.344092499952643,3.31612037611108
"ASV_013","water_temp","rna","rna_dna","RNA vs RNA:DNA",0.25,0.36835570665926,2.35667794272673
"ASV_014","day_of_year","dna","rna","DNA vs RNA",0.08,0.021584538689286,1.14394759252622
"ASV_014","day_of_year","dna","rna_dna","DNA vs RNA:DNA",0.8,0.0578768514711052,2.45022108564687
"ASV_014","day_of_year","rna","rna_dna","RNA vs RNA:DNA",0.32,0.0362923127818192,1.3196328043798
"ASV_014","days","dna","rna","DNA vs RNA",0,0.00147138782653866,0.0683355958847005
"ASV_014","days","dna","rna_dna","DNA vs RNA:DNA",0,0.00129112796730142,0.0599632782334973
"ASV_014","days","rna","rna_dna","RNA vs RNA:DNA",0,-0.000180259859237235,0.0083723176512031
"ASV_014","dissolved_oxygen","dna","rna","DNA vs RNA",0,0.0466529057047824,0.215669793461838
"ASV_014","dissolved_oxygen","dna","rna_dna","DNA vs RNA:DNA",0,-0.0295718297357356,0.171375928435142
"ASV_014","dissolved_oxygen","rna","rna_dna","RNA vs RNA:DNA",0,-0.0762247354405181,0.293728767737573
"ASV_014","doc","dna","rna","DNA vs RNA",0,0.0237263169731403,0.167670296490826
"ASV_014","doc","dna","rna_dna","DNA vs RNA:DNA",0,0.0385552844407341,0.386302964168678
"ASV_014","doc","rna","rna_dna","RNA vs RNA:DNA",0,0.0148289674675938,0.337658903606168
"ASV_014","ph","dna","rna","DNA vs RNA",0,0.0194364621462204,0.133670703948782
"ASV_014","ph","dna","rna_dna","DNA vs RNA:DNA",0,-0.0371192277260501,0.255282827067888
"ASV_014","ph","rna","rna_dna","RNA vs RNA:DNA",0,-0.0565556898722705,0.38895353101667
"ASV_014","salinity","dna","rna","DNA vs RNA",0,0.187312018807852,1.53608568664092
"ASV_014","salinity","dna","rna_dna","DNA vs RNA:DNA",0.37,0.266587241677006,2.21733303539822
"ASV_014","salinity","rna","rna_dna","RNA vs RNA:DNA",0,0.0792752228691547,0.681247348757302
"ASV_014","secchi_depth","dna","rna","DNA vs RNA",0,-0.0895226897027538,0.619380762405208
"ASV_014","secchi_depth","dna","rna_dna","DNA vs RNA:DNA",0.45,-0.164404625759699,0.703199058139432
"ASV_014","secchi_depth","rna","rna_dna","RNA vs RNA:DNA",0,-0.0748819360569448,0.951229032610663
"ASV_014","specific_conductivity","dna","rna","DNA vs RNA",0,-0.150420727443384,1.84663404857459
"ASV_014","specific_conductivity","dna","rna_dna","DNA vs RNA:DNA",0,-0.198138016354111,2.43242238179549
"ASV_014","specific_conductivity","rna","rna_dna","RNA vs RNA:DNA",0,-0.0477172889107272,0.585788333220899
"ASV_014","total_nitrogen","dna","rna","DNA vs RNA",0,0.0331149926857166,0.292059585950774
"ASV_014","total_nitrogen","dna","rna_dna","DNA vs RNA:DNA",0,0.0455010436236901,0.271471575009217
"ASV_014","total_nitrogen","rna","rna_dna","RNA vs RNA:DNA",0,0.0123860509379735,0.264379745415361
"ASV_014","total_phosphorus","dna","rna","DNA vs RNA",0.19,0.0192277621484921,0.756411203866713
"ASV_014","total_phosphorus","dna","rna_dna","DNA vs RNA:DNA",0.33,0.229489114618032,1.37091348560363
"ASV_014","total_phosphorus","rna","rna_dna","RNA vs RNA:DNA",0.1,0.21026135246954,0.614502281736915
"ASV_014","water_temp","dna","rna","DNA vs RNA",0,0.00353010863842118,0.446730208889517
"ASV_014","water_temp","dna","rna_dna","DNA vs RNA:DNA",0,0.0244096180862502,1.33239056884898
"ASV_014","water_temp","rna","rna_dna","RNA vs RNA:DNA",0,0.020879509447829,0.88937167425616
"ASV_015","day_of_year","dna","rna","DNA vs RNA",0.52,-0.036264294498188,2.32263534416003
"ASV_015","day_of_year","dna","rna_dna","DNA vs RNA:DNA",0.34,-0.151411845612346,4.1901829868072
"ASV_015","day_of_year","rna","rna_dna","RNA vs RNA:DNA",0,-0.115147551114158,1.99221819780202
"ASV_015","days","dna","rna","DNA vs RNA",0.3,0.067140359993771,1.81327713407883
"ASV_015","days","dna","rna_dna","DNA vs RNA:DNA",0.32,0.132201892169883,4.27712992659961
"ASV_015","days","rna","rna_dna","RNA vs RNA:DNA",0.05,0.0650615321761117,2.60364229657446
"ASV_015","dissolved_oxygen","dna","rna","DNA vs RNA",0,-0.00126447952361335,0.351717155392216
"ASV_015","dissolved_oxygen","dna","rna_dna","DNA vs RNA:DNA",0,0.235013915695326,1.51548861138171
"ASV_015","dissolved_oxygen","rna","rna_dna","RNA vs RNA:DNA",0,0.236278395218939,1.2896029503235
"ASV_015","doc","dna","rna","DNA vs RNA",0,0.0467155096116722,0.400182523576175
"ASV_015","doc","dna","rna_dna","DNA vs RNA:DNA",0,-0.00608438057012356,0.99567365494305
"ASV_015","doc","rna","rna_dna","RNA vs RNA:DNA",0,-0.0527998901817958,0.688742555835893
"ASV_015","ph","dna","rna","DNA vs RNA",0,-0.0533404817284587,0.380629487520192
"ASV_015","ph","dna","rna_dna","DNA vs RNA:DNA",0,0.0222039294435247,0.152694172947238
"ASV_015","ph","rna","rna_dna","RNA vs RNA:DNA",0,0.0755444111719834,0.53332366046743
"ASV_015","salinity","dna","rna","DNA vs RNA",0,0.040538068377804,0.315175341893869
"ASV_015","salinity","dna","rna_dna","DNA vs RNA:DNA",0,-0.0986683171784745,0.767089888423971
"ASV_015","salinity","rna","rna_dna","RNA vs RNA:DNA",0,-0.139206385556278,1.08226523031784
"ASV_015","secchi_depth","dna","rna","DNA vs RNA",0,0.0771808603653152,0.740351146913661
"ASV_015","secchi_depth","dna","rna_dna","DNA vs RNA:DNA",0.11,0.0173253000621253,0.85215111339433
"ASV_015","secchi_depth","rna","rna_dna","RNA vs RNA:DNA",0,-0.0598555603031899,0.605687579448931
"ASV_015","specific_conductivity","dna","rna","DNA vs RNA",0,0.0344006283114789,0.422351708619252
"ASV_015","specific_conductivity","dna","rna_dna","DNA vs RNA:DNA",0,0.13686068131595,1.68016828500773
"ASV_015","specific_conductivity","rna","rna_dna","RNA vs RNA:DNA",0,0.102460053004472,1.25781657638847
"ASV_015","total_nitrogen","dna","rna","DNA vs RNA",0,-0.0262359648087829,0.190307877914459
"ASV_015","total_nitrogen","dna","rna_dna","DNA vs RNA:DNA",0.09,-0.0811532518251274,2.03597445018932
"ASV_015","total_nitrogen","rna","rna_dna","RNA vs RNA:DNA",0.18,-0.0549172870163445,1.84566657227486
"ASV_015","total_phosphorus","dna","rna","DNA vs RNA",0,0.0248940468535902,0.0760293494174913
"ASV_015","total_phosphorus","dna","rna_dna","DNA vs RNA:DNA",0,-0.0399070686374985,0.172952365700405
"ASV_015","total_phosphorus","rna","rna_dna","RNA vs RNA:DNA",0,-0.0648011154910887,0.202445785796116
"ASV_015","water_temp","dna","rna","DNA vs RNA",0,-0.0505395787759382,0.798920032434314
"ASV_015","water_temp","dna","rna_dna","DNA vs RNA:DNA",0,-0.0499645557250347,0.831796766251552
"ASV_015","water_temp","rna","rna_dna","RNA vs RNA:DNA",0,0.000575023050903495,0.0328767338172383
"ASV_016","day_of_year","dna","rna","DNA vs RNA",0.11,-0.0421599784062663,1.29271799317559
"ASV_016","day_of_year","dna","rna_dna","DNA vs RNA:DNA",0.15,-0.0692967182938233,2.23180869381072
"ASV_016","day_of_year","rna","rna_dna","RNA vs RNA:DNA",0,-0.027136739887557,0.941704875377301
"ASV_016","days","dna","rna","DNA vs RNA",0,0.0124767204102166,0.867948976793787
"ASV_016","days","dna","rna_dna","DNA vs RNA:DNA",0.15,0.0255092120468157,1.62273230139891
"ASV_016","days","rna","rna_dna","RNA vs RNA:DNA",0.05,0.0130324916365991,0.911183766141578
"ASV_016","dissolved_oxygen","dna","rna","DNA vs RNA",0,0.060308348695504,0.278778611844102
"ASV_016","dissolved_oxygen","dna","rna_dna","DNA vs RNA:DNA",0,0.163945382971644,0.594804827053806
"ASV_016","dissolved_oxygen","rna","rna_dna","RNA vs RNA:DNA",0,0.10363703427614,0.332593111267866
"ASV_016","doc","dna","rna","DNA vs RNA",0,-0.0747425808104594,0.640184563071841
"ASV_016","doc","dna","rna_dna","DNA vs RNA:DNA",0,-0.116966492731594,1.00187052988333
"ASV_016","doc","rna","rna_dna","RNA vs RNA:DNA",0,-0.042223911921135,0.361685966811485
"ASV_016","ph","dna","rna","DNA vs RNA",0,-0.000204610024538922,0.0014091245406547
"ASV_016","ph","dna","rna_dna","DNA vs RNA:DNA",0,-0.081122430757331,0.557915640829551
"ASV_016","ph","rna","rna_dna","RNA vs RNA:DNA",0,-0.0809178207327921,0.556506516288896
"ASV_016","salinity","dna","rna","DNA vs RNA",0,0.359053013710425,2.79210903677332
"ASV_016","salinity","dna","rna_dna","DNA vs RNA:DNA",0.99,0.575502786066407,4.47499800818154
"ASV_016","salinity","rna","rna_dna","RNA vs RNA:DNA",0,0.216449772355982,1.68288897140822
"ASV_016","secchi_depth","dna","rna","DNA vs RNA",0,-0.106242457566601,0.737247904856862
"ASV_016","secchi_depth","dna","rna_dna","DNA vs RNA:DNA",0,-0.145501005234526,1.00965603394577
"ASV_016","secchi_depth","rna","rna_dna","RNA vs RNA:DNA",0,-0.0392585476679241,0.27240812908891
"ASV_016","specific_conductivity","dna","rna","DNA vs RNA",0,-0.199485838434307,2.44853433900123
"ASV_016","specific_conductivity","dna","rna_dna","DNA vs RNA:DNA",0.99,-0.318176151597501,3.90541276248141
"ASV_016","specific_conductivity","rna","rna_dna","RNA vs RNA:DNA",0,-0.118690313163195,1.45687842348018
"ASV_016","total_nitrogen","dna","rna","DNA vs RNA",0,-0.0707044592908349,0.815911481172303
"ASV_016","total_nitrogen","dna","rna_dna","DNA vs RNA:DNA",0,-0.056015260491225,0.622567012508031
"ASV_016","total_nitrogen","rna","rna_dna","RNA vs RNA:DNA",0,0.0146891987996099,0.193344468664272
"ASV_016","total_phosphorus","dna","rna","DNA vs RNA",0,-0.278131614406871,0.815722738167127
"ASV_016","total_phosphorus","dna","rna_dna","DNA vs RNA:DNA",0,-0.374116789149204,1.03536936481851
"ASV_016","total_phosphorus","rna","rna_dna","RNA vs RNA:DNA",0,-0.0959851747423322,0.21964662665138
"ASV_016","water_temp","dna","rna","DNA vs RNA",0.19,-0.0989294113631872,0.799558967246868
"ASV_016","water_temp","dna","rna_dna","DNA vs RNA:DNA",0.29,-0.0864947103793483,1.47634195229229
"ASV_016","water_temp","rna","rna_dna","RNA vs RNA:DNA",0,0.0124347009838389,0.676782985045422
"ASV_017","day_of_year","dna","rna","DNA vs RNA",0.13,0.0865353556412438,1.722199984744
"ASV_017","day_of_year","dna","rna_dna","DNA vs RNA:DNA",0.63,0.169061344739013,3.47775114941337
"ASV_017","day_of_year","rna","rna_dna","RNA vs RNA:DNA",0.11,0.0825259890977691,1.77214700637512
"ASV_017","days","dna","rna","DNA vs RNA",0,0.00879622401566374,0.788342394562634
"ASV_017","days","dna","rna_dna","DNA vs RNA:DNA",0.33,0.0247260103676416,1.55077807882587
"ASV_017","days","rna","rna_dna","RNA vs RNA:DNA",0,0.0159297863519779,0.762435684263241
"ASV_017","dissolved_oxygen","dna","rna","DNA vs RNA",0,-0.0282772526361919,0.374816695114519
"ASV_017","dissolved_oxygen","dna","rna_dna","DNA vs RNA:DNA",0,-0.195738956970237,1.24637995644912
"ASV_017","dissolved_oxygen","rna","rna_dna","RNA vs RNA:DNA",0,-0.167461704334045,0.871563261334605
"ASV_017","doc","dna","rna","DNA vs RNA",0,-0.0430164165204226,0.369057179506198
"ASV_017","doc","dna","rna_dna","DNA vs RNA:DNA",0,-0.00208800438246818,0.655283451267803
"ASV_017","doc","rna","rna_dna","RNA vs RNA:DNA",0,0.0409284121379544,0.370551285906658
"ASV_017","ph","dna","rna","DNA vs RNA",0,-0.000276446837308684,0.645121236830698
"ASV_017","ph","dna","rna_dna","DNA vs RNA:DNA",0,-0.0836397552569699,0.802836180133476
"ASV_017","ph","rna","rna_dna","RNA vs RNA:DNA",0,-0.0833633084196612,0.615385015760842
"ASV_017","salinity","dna","rna","DNA vs RNA",0,-0.0917526527044886,0.713326023829577
"ASV_017","salinity","dna","rna_dna","DNA vs RNA:DNA",0,-0.0719981679665115,0.559743301221343
"ASV_017","salinity","rna","rna_dna","RNA vs RNA:DNA",0,0.0197544847379771,0.153582722608234
"ASV_017","secchi_depth","dna","rna","DNA vs RNA",0,-0.0669396864646145,0.475492705205519
"ASV_017","secchi_depth","dna","rna_dna","DNA vs RNA:DNA",0,-0.0951824825011097,0.660502345613141
"ASV_017","secchi_depth","rna","rna_dna","RNA vs RNA:DNA",0,-0.0282427960364952,0.185009640407622
"ASV_017","specific_conductivity","dna","rna","DNA vs RNA",0,0.0308758165256385,0.379046350508506
"ASV_017","specific_conductivity","dna","rna_dna","DNA vs RNA:DNA",0,0.0136905026935018,0.168069867950793
"ASV_017","specific_conductivity","rna","rna_dna","RNA vs RNA:DNA",0,-0.0171853138321367,0.210976482557713
"ASV_017","total_nitrogen","dna","rna","DNA vs RNA",0,-0.00825358807290284,0.138159256926221
"ASV_017","total_nitrogen","dna","rna_dna","DNA vs RNA:DNA",0,-0.0376367055026155,0.316559259807849
"ASV_017","total_nitrogen","rna","rna_dna","RNA vs RNA:DNA",0,-0.0293831174297126,0.404747482927452
"ASV_017","total_phosphorus","dna","rna","DNA vs RNA",0,0.199581582503952,0.609289641905844
"ASV_017","total_phosphorus","dna","rna_dna","DNA vs RNA:DNA",0,0.288020862065721,0.879278841368857
"ASV_017","total_phosphorus","rna","rna_dna","RNA vs RNA:DNA",0,0.088439279561769,0.269989199463013
"ASV_017","water_temp","dna","rna","DNA vs RNA",0,0.103210045301887,0.92335600315846
"ASV_017","water_temp","dna","rna_dna","DNA vs RNA:DNA",0,0.0369662486602492,2.22099546068064
"ASV_017","water_temp","rna","rna_dna","RNA vs RNA:DNA",0,-0.0662437966416375,1.90313360357619
"ASV_018","day_of_year","dna","rna","DNA vs RNA",0,0.0942000318659287,1.95041041880098
"ASV_018","day_of_year","dna","rna_dna","DNA vs RNA:DNA",0.27,0.160130402684321,4.21790597377465
"ASV_018","day_of_year","rna","rna_dna","RNA vs RNA:DNA",0.08,0.0659303708183925,2.5827963492765
"ASV_018","days","dna","rna","DNA vs RNA",0.11,-0.0621428267562347,4.21344488920001
"ASV_018","days","dna","rna_dna","DNA vs RNA:DNA",0.18,-0.0795327943021278,8.40491156558286
"ASV_018","days","rna","rna_dna","RNA vs RNA:DNA",0.05,-0.0173899675458931,4.19146667638284
"ASV_018","dissolved_oxygen","dna","rna","DNA vs RNA",0,-0.352852064584089,1.63113836215097
"ASV_018","dissolved_oxygen","dna","rna_dna","DNA vs RNA:DNA",0.99,-0.51347894667498,2.37367713417175
"ASV_018","dissolved_oxygen","rna","rna_dna","RNA vs RNA:DNA",0,-0.160626882090891,0.742538772020774
"ASV_018","doc","dna","rna","DNA vs RNA",0,0.0306331248831045,0.262387946122413
"ASV_018","doc","dna","rna_dna","DNA vs RNA:DNA",0,0.0858657408002379,0.735490903408581
"ASV_018","doc","rna","rna_dna","RNA vs RNA:DNA",0,0.0552326159171334,0.473102957286168
"ASV_018","ph","dna","rna","DNA vs RNA",0,-0.0102540362712284,1.15625043814339
"ASV_018","ph","dna","rna_dna","DNA vs RNA:DNA",0.74,-0.202836532995707,2.51374924245138
"ASV_018","ph","rna","rna_dna","RNA vs RNA:DNA",0.67,-0.192582496724478,1.75611613518502
"ASV_018","salinity","dna","rna","DNA vs RNA",0,-0.234689161669716,1.82457222408358
"ASV_018","salinity","dna","rna_dna","DNA vs RNA:DNA",0,-0.371850616659206,2.89091368616293
"ASV_018","salinity","rna","rna_dna","RNA vs RNA:DNA",0,-0.13716145498949,1.06634146207935
"ASV_018","secchi_depth","dna","rna","DNA vs RNA",0,-0.016010809888685,0.490755373113694
"ASV_018","secchi_depth","dna","rna_dna","DNA vs RNA:DNA",0,-0.0246308005044076,0.128260061355317
"ASV_018","secchi_depth","rna","rna_dna","RNA vs RNA:DNA",0,-0.00861999061572261,0.547652892975645
"ASV_018","specific_conductivity","dna","rna","DNA vs RNA",0,0.135308006561366,1.66113079668355
"ASV_018","specific_conductivity","dna","rna_dna","DNA vs RNA:DNA",0,0.243181771123961,2.98547687517494
"ASV_018","specific_conductivity","rna","rna_dna","RNA vs RNA:DNA",0,0.107873764562594,1.32434607849139
"ASV_018","total_nitrogen","dna","rna","DNA vs RNA",0,0.0765852980295087,0.929024926220795
"ASV_018","total_nitrogen","dna","rna_dna","DNA vs RNA:DNA",0.08,0.202019887104113,1.8971149463756
"ASV_018","total_nitrogen","rna","rna_dna","RNA vs RNA:DNA",0,0.125434589074604,0.968090020154807
"ASV_018","total_phosphorus","dna","rna","DNA vs RNA",0.32,0.208784677057852,1.04548033666445
"ASV_018","total_phosphorus","dna","rna_dna","DNA vs RNA:DNA",0.52,0.339084249012654,2.31617952330022
"ASV_018","total_phosphorus","rna","rna_dna","RNA vs RNA:DNA",0.26,0.130299571954803,1.27069918663577
"ASV_018","water_temp","dna","rna","DNA vs RNA",0,-0.0338756979324529,0.535421862225218
"ASV_018","water_temp","dna","rna_dna","DNA vs RNA:DNA",0,-0.16278863294366,1.13831817837139
"ASV_018","water_temp","rna","rna_dna","RNA vs RNA:DNA",0,-0.128912935011207,0.871267398199307
"ASV_019","day_of_year","dna","rna","DNA vs RNA",0.37,-0.0527843214954798,1.50291736392169
"ASV_019","day_of_year","dna","rna_dna","DNA vs RNA:DNA",0,-0.0970693556923865,1.86694794976489
"ASV_019","day_of_year","rna","rna_dna","RNA vs RNA:DNA",0,-0.0442850341969067,0.840885236276301
"ASV_019","days","dna","rna","DNA vs RNA",0,0.00902086360157234,0.396314595311356
"ASV_019","days","dna","rna_dna","DNA vs RNA:DNA",0,0.0533412900787599,1.75067564477917
"ASV_019","days","rna","rna_dna","RNA vs RNA:DNA",0,0.0443204264771876,1.70542245451794
"ASV_019","dissolved_oxygen","dna","rna","DNA vs RNA",0.1,0.160950377776188,1.09757461859587
"ASV_019","dissolved_oxygen","dna","rna_dna","DNA vs RNA:DNA",0.32,0.00447734826932255,1.45092102384696
"ASV_019","dissolved_oxygen","rna","rna_dna","RNA vs RNA:DNA",0,-0.156473029506865,0.667631572361946
"ASV_019","doc","dna","rna","DNA vs RNA",0.27,-0.0739328135070145,1.41895468262883
"ASV_019","doc","dna","rna_dna","DNA vs RNA:DNA",0,-0.0615368512089194,1.05020751291758
"ASV_019","doc","rna","rna_dna","RNA vs RNA:DNA",0,0.0123959622980951,0.368747169711256
"ASV_019","ph","dna","rna","DNA vs RNA",0,-0.0601930145199656,0.598999416283303
"ASV_019","ph","dna","rna_dna","DNA vs RNA:DNA",0,-0.141267179301741,0.984257650567605
"ASV_019","ph","rna","rna_dna","RNA vs RNA:DNA",0,-0.0810741647817755,0.567111638608253
"ASV_019","salinity","dna","rna","DNA vs RNA",0,0.194919424594763,1.17856241157397
"ASV_019","salinity","dna","rna_dna","DNA vs RNA:DNA",0,0.238959330481309,1.85778378439051
"ASV_019","salinity","rna","rna_dna","RNA vs RNA:DNA",0,0.044039905886546,1.19323353888286
"ASV_019","secchi_depth","dna","rna","DNA vs RNA",0,-0.0195754234721483,0.135842566781258
"ASV_019","secchi_depth","dna","rna_dna","DNA vs RNA:DNA",0,-0.0277605715939288,0.192642633798481
"ASV_019","secchi_depth","rna","rna_dna","RNA vs RNA:DNA",0,-0.00818514812178056,0.0568000670172227
"ASV_019","specific_conductivity","dna","rna","DNA vs RNA",0,-0.126850589696719,1.55758539751449
"ASV_019","specific_conductivity","dna","rna_dna","DNA vs RNA:DNA",0,-0.18975188738144,2.21720149803189
"ASV_019","specific_conductivity","rna","rna_dna","RNA vs RNA:DNA",0,-0.0629012976847216,0.760413769779827
"ASV_019","total_nitrogen","dna","rna","DNA vs RNA",0,-0.041300329663895,1.16283207466114
"ASV_019","total_nitrogen","dna","rna_dna","DNA vs RNA:DNA",0.16,-0.0643610961539546,1.75875053537662
"ASV_019","total_nitrogen","rna","rna_dna","RNA vs RNA:DNA",0,-0.0230607664900596,0.595918460715481
"ASV_019","total_phosphorus","dna","rna","DNA vs RNA",0,0.0441954742063452,0.134911623571462
"ASV_019","total_phosphorus","dna","rna_dna","DNA vs RNA:DNA",0,0.0357665254046534,0.109166862361747
"ASV_019","total_phosphorus","rna","rna_dna","RNA vs RNA:DNA",0,-0.00842894880169179,0.025744761209715
"ASV_019","water_temp","dna","rna","DNA vs RNA",0,-0.0197790902203142,0.624978374845879
"ASV_019","water_temp","dna","rna_dna","DNA vs RNA:DNA",0,-0.0659427020050234,0.735402112976592
"ASV_019","water_temp","rna","rna_dna","RNA vs RNA:DNA",0,-0.0461636117847092,0.385986476021636
"ASV_020","day_of_year","dna","rna","DNA vs RNA",0,-0.0151903389302503,0.998141330495583
"ASV_020","day_of_year","dna","rna_dna","DNA vs RNA:DNA",0.25,0.0634722559223628,2.32966217979295
"ASV_020","day_of_year","rna","rna_dna","RNA vs RNA:DNA",0.04,0.0786625948526132,1.61339004106195
"ASV_020","days","dna","rna","DNA vs RNA",0,0.00101355805444096,0.658737852035034
"ASV_020","days","dna","rna_dna","DNA vs RNA:DNA",0.15,-0.0049674084449288,1.24294643041361
"ASV_020","days","rna","rna_dna","RNA vs RNA:DNA",0,-0.00598096649936975,0.584208578378577
"ASV_020","dissolved_oxygen","dna","rna","DNA vs RNA",0.19,-0.227992681784106,0.715340595133222
"ASV_020","dissolved_oxygen","dna","rna_dna","DNA vs RNA:DNA",0.71,-0.441050334307029,1.37213392663792
"ASV_020","dissolved_oxygen","rna","rna_dna","RNA vs RNA:DNA",0.09,-0.213057652522924,0.74456135808909
"ASV_020","doc","dna","rna","DNA vs RNA",0,-0.0066303563323241,0.0900286970441746
"ASV_020","doc","dna","rna_dna","DNA vs RNA:DNA",0,-0.028995393956732,0.248359929712511
"ASV_020","doc","rna","rna_dna","RNA vs RNA:DNA",0,-0.0223650376244079,0.183694416134553
"ASV_020","ph","dna","rna","DNA vs RNA",0,0.0360143443909671,0.254592327432575
"ASV_020","ph","dna","rna_dna","DNA vs RNA:DNA",0,0.0228387570570452,0.392294099184539
"ASV_020","ph","rna","rna_dna","RNA vs RNA:DNA",0,-0.013175587333922,0.422409449887101
"ASV_020","salinity","dna","rna","DNA vs RNA",0,0.14821122698413,1.15225794054569
"ASV_020","salinity","dna","rna_dna","DNA vs RNA:DNA",0,0.253444008339365,1.97038474369869
"ASV_020","salinity","rna","rna_dna","RNA vs RNA:DNA",0,0.105232781355235,0.818126803152997
"ASV_020","secchi_depth","dna","rna","DNA vs RNA",0,-0.000339019625358799,0.807298674903898
"ASV_020","secchi_depth","dna","rna_dna","DNA vs RNA:DNA",0.88,-0.189875546957708,1.74350773534659
"ASV_020","secchi_depth","rna","rna_dna","RNA vs RNA:DNA",0.99,-0.189536527332349,1.31526006551219
"ASV_020","specific_conductivity","dna","rna","DNA vs RNA",0,-0.149172105765148,1.83132616167341
"ASV_020","specific_conductivity","dna","rna_dna","DNA vs RNA:DNA",1,-0.327752374404984,4.02367972669502
"ASV_020","specific_conductivity","rna","rna_dna","RNA vs RNA:DNA",0,-0.178580268639836,2.19235356502161
"ASV_020","total_nitrogen","dna","rna","DNA vs RNA",0,0.111914383278267,0.844438001734133
"ASV_020","total_nitrogen","dna","rna_dna","DNA vs RNA:DNA",0.25,0.192127339730853,1.65414414259504
"ASV_020","total_nitrogen","rna","rna_dna","RNA vs RNA:DNA",0,0.0802129564525858,0.80970614086091
"ASV_020","total_phosphorus","dna","rna","DNA vs RNA",0,0.0566471066073698,0.172940798047289
"ASV_020","total_phosphorus","dna","rna_dna","DNA vs RNA:DNA",0,0.20807748442607,0.63522916968321
"ASV_020","total_phosphorus","rna","rna_dna","RNA vs RNA:DNA",0,0.1514303778187,0.462288371635921
"ASV_020","water_temp","dna","rna","DNA vs RNA",0,-0.077518704860361,0.385198996291635
"ASV_020","water_temp","dna","rna_dna","DNA vs RNA:DNA",0.5,-0.32451469462177,1.82588244974987
"ASV_020","water_temp","rna","rna_dna","RNA vs RNA:DNA",0.28,-0.246995989761409,1.53513719753255
"ASV_021","day_of_year","dna","rna","DNA vs RNA",0,-0.0154565898632498,0.429877439622711
"ASV_021","day_of_year","dna","rna_dna","DNA vs RNA:DNA",0.11,-0.013329929645292,1.0449116642971
"ASV_021","day_of_year","rna","rna_dna","RNA vs RNA:DNA",0,0.00212666021795772,0.815028510431875
"ASV_021","days","dna","rna","DNA vs RNA",0.14,-0.00331722337208555,0.69444439953456
"ASV_021","days","dna","rna_dna","DNA vs RNA:DNA",0.22,-0.0152285614990052,1.07041560252673
"ASV_021","days","rna","rna_dna","RNA vs RNA:DNA",0,-0.0119113381269197,0.538635696424202
"ASV_021","dissolved_oxygen","dna","rna","DNA vs RNA",0,0.00315316565925903,0.394759132549252
"ASV_021","dissolved_oxygen","dna","rna_dna","DNA vs RNA:DNA",0,0.0932295631146305,1.3436579894241
"ASV_021","dissolved_oxygen","rna","rna_dna","RNA vs RNA:DNA",0,0.0900763974553715,0.948898856874853
"ASV_021","doc","dna","rna","DNA vs RNA",0,-0.00774179971110693,0.414927670659552
"ASV_021","doc","dna","rna_dna","DNA vs RNA:DNA",0,-0.0130704913131719,0.111963333153283
"ASV_021","doc","rna","rna_dna","RNA vs RNA:DNA",0,-0.00532869160206495,0.329094484210316
"ASV_021","ph","dna","rna","DNA vs RNA",0,0.0789584190965487,0.548896446400904
"ASV_021","ph","dna","rna_dna","DNA vs RNA:DNA",0,0.162231174770661,1.21887070695536
"ASV_021","ph","rna","rna_dna","RNA vs RNA:DNA",0,0.0832727556741125,0.669974260554454
"ASV_021","salinity","dna","rna","DNA vs RNA",1,0.503349395455719,3.91328364341176
"ASV_021","salinity","dna","rna_dna","DNA vs RNA:DNA",1,0.745285782961399,5.79421010287306
"ASV_021","salinity","rna","rna_dna","RNA vs RNA:DNA",0,0.24193638750568,1.8809264594613
"ASV_021","secchi_depth","dna","rna","DNA vs RNA",0,-0.0202825696006134,0.14041078609148
"ASV_021","secchi_depth","dna","rna_dna","DNA vs RNA:DNA",0,-0.0425227647652863,0.295071885958294
"ASV_021","secchi_depth","rna","rna_dna","RNA vs RNA:DNA",0,-0.022240195164673,0.154661099866814
"ASV_021","specific_conductivity","dna","rna","DNA vs RNA",0,-0.232213121533569,2.85056735432262
"ASV_021","specific_conductivity","dna","rna_dna","DNA vs RNA:DNA",0.94,-0.498796200464979,5.38385680144135
"ASV_021","specific_conductivity","rna","rna_dna","RNA vs RNA:DNA",0,-0.266583078931411,2.53328944711873
"ASV_021","total_nitrogen","dna","rna","DNA vs RNA",0.05,-0.119658121733343,0.99304707161361
"ASV_021","total_nitrogen","dna","rna_dna","DNA vs RNA:DNA",0.32,-0.1377272098864,1.40691967485475
"ASV_021","total_nitrogen","rna","rna_dna","RNA vs RNA:DNA",0,-0.0180690881530572,0.413872603241143
"ASV_021","total_phosphorus","dna","rna","DNA vs RNA",0,-0.0950964611327438,0.290310696073285
"ASV_021","total_phosphorus","dna","rna_dna","DNA vs RNA:DNA",0,0.0604600893727216,0.18457118072278
"ASV_021","total_phosphorus","rna","rna_dna","RNA vs RNA:DNA",0,0.155556550505465,0.474881876796065
"ASV_021","water_temp","dna","rna","DNA vs RNA",0.28,-0.149209948455177,0.80094478892806
"ASV_021","water_temp","dna","rna_dna","DNA vs RNA:DNA",0,0.00451863033520061,0.246975744639459
"ASV_021","water_temp","rna","rna_dna","RNA vs RNA:DNA",0.22,0.153728578790378,1.03883680070042
