asv_id,predictor,comparison,spearman_r,p_raw,p_adj_BH,sig_BH,sig_raw
ASV_001,water_temp,rRNA:rDNA vs rDNA,0.8429,3.9753616043762123e-28,7.29459556531169e-28,True,True
ASV_002,water_temp,rRNA:rDNA vs rDNA,1.0,3.448065874529609e-228,1.5155452332234793e-227,True,True
ASV_003,water_temp,rRNA:rDNA vs rDNA,-0.8243,5.984297724097989e-26,1.067011575334453e-25,True,True
ASV_004,water_temp,rRNA:rDNA vs rDNA,-0.721,2.6863175482302346e-17,4.1277562326464576e-17,True,True
ASV_005,water_temp,rRNA:rDNA vs rDNA,0.6199,6.090187945817334e-12,8.526263124144268e-12,True,True
ASV_006,water_temp,rRNA:rDNA vs rDNA,-1.0,0.0,0.0,True,True
ASV_007,water_temp,rRNA:rDNA vs rDNA,0.7915,1.1078573772626467e-22,1.8367109149354405e-22,True,True
ASV_008,water_temp,rRNA:rDNA vs rDNA,0.259,0.009278989629456738,0.010196099069577462,True,True
ASV_009,water_temp,rRNA:rDNA vs rDNA,-0.5337,1.0778251476205044e-08,1.3764118439207793e-08,True,True
ASV_010,water_temp,rRNA:rDNA vs rDNA,0.0626,0.5359444283162854,0.5475324159555565,False,False
ASV_011,water_temp,rRNA:rDNA vs rDNA,0.0416,0.6810516302074684,0.6920363339204921,False,False
ASV_012,water_temp,rRNA:rDNA vs rDNA,-0.21,0.03594918837276626,0.03817076742951025,True,True
ASV_013,water_temp,rRNA:rDNA vs rDNA,-0.0065,0.9486932247656485,0.9537394653229126,False,False
ASV_014,water_temp,rRNA:rDNA vs rDNA,-0.6151,9.870889886480396e-12,1.3617505025874414e-11,True,True
ASV_015,water_temp,rRNA:rDNA vs rDNA,-1.0,0.0,0.0,True,True
ASV_016,water_temp,rRNA:rDNA vs rDNA,-0.511,5.5453774290828e-08,7.03406935635335e-08,True,True
ASV_017,water_temp,rRNA:rDNA vs rDNA,-0.8031,9.05338525113624e-24,1.5277587611292405e-23,True,True
ASV_018,water_temp,rRNA:rDNA vs rDNA,-0.1494,0.1378228070180896,0.14391442279789468,False,False
ASV_019,water_temp,rRNA:rDNA vs rDNA,-1.0,0.0,0.0,True,True
ASV_020,water_temp,rRNA:rDNA vs rDNA,-0.235,0.01861773857952523,0.020339610355666293,True,True
ASV_021,water_temp,rRNA:rDNA vs rDNA,-0.8145,6.53716001532977e-25,1.1335075622911252e-24,True,True
ASV_001,specific_conductivity,rRNA:rDNA vs rDNA,-0.9536,6.8272006708165645e-53,1.697817008926751e-52,True,True
ASV_002,specific_conductivity,rRNA:rDNA vs rDNA,0.3463,0.00041691683052064843,0.00047468241547230454,True,True
ASV_003,specific_conductivity,rRNA:rDNA vs rDNA,0.8228,8.628739221279625e-26,1.5100293637239343e-25,True,True
ASV_004,specific_conductivity,rRNA:rDNA vs rDNA,0.9286,5.451036087887913e-44,1.2120539066009597e-43,True,True
ASV_005,specific_conductivity,rRNA:rDNA vs rDNA,0.6124,1.28775809858253e-11,1.750980436202145e-11,True,True
ASV_006,specific_conductivity,rRNA:rDNA vs rDNA,-0.9221,3.291352387869682e-42,7.150179325372068e-42,True,True
ASV_007,specific_conductivity,rRNA:rDNA vs rDNA,0.9347,7.887046135184727e-46,1.7959659271685703e-45,True,True
ASV_008,specific_conductivity,rRNA:rDNA vs rDNA,-1.0,0.0,0.0,True,True
ASV_009,specific_conductivity,rRNA:rDNA vs rDNA,-0.8581,3.938150236643182e-30,7.595004027811851e-30,True,True
ASV_010,specific_conductivity,rRNA:rDNA vs rDNA,0.3517,0.00033346210388528804,0.00038196568263223904,True,True
ASV_011,specific_conductivity,rRNA:rDNA vs rDNA,-0.2237,0.025240454629023218,0.027104806391394252,True,True
ASV_012,specific_conductivity,rRNA:rDNA vs rDNA,-0.4684,8.895416243180687e-07,1.0708494713128342e-06,True,True
ASV_013,specific_conductivity,rRNA:rDNA vs rDNA,-0.2802,0.004754239636879536,0.005316871546569422,True,True
ASV_014,specific_conductivity,rRNA:rDNA vs rDNA,1.0,0.0,0.0,True,True
ASV_015,specific_conductivity,rRNA:rDNA vs rDNA,-0.9998,3.4483854270324915e-169,1.4483218793536466e-168,True,True
ASV_016,specific_conductivity,rRNA:rDNA vs rDNA,0.7052,2.5993115430672764e-16,3.868266784564687e-16,True,True
ASV_017,specific_conductivity,rRNA:rDNA vs rDNA,0.0672,0.5063017629860702,0.5229018207888921,False,False
ASV_018,specific_conductivity,rRNA:rDNA vs rDNA,1.0,0.0,0.0,True,True
ASV_019,specific_conductivity,rRNA:rDNA vs rDNA,-0.4133,1.920131266929506e-05,2.24015314475109e-05,True,True
ASV_020,specific_conductivity,rRNA:rDNA vs rDNA,1.0,8.246541663958767e-205,3.5422644874731984e-204,True,True
ASV_021,specific_conductivity,rRNA:rDNA vs rDNA,1.0,0.0,0.0,True,True
ASV_001,dissolved_oxygen,rRNA:rDNA vs rDNA,0.7669,1.37858852791853e-20,2.2080782353949338e-20,True,True
ASV_002,dissolved_oxygen,rRNA:rDNA vs rDNA,0.2115,0.03461537696496726,0.036962182182931146,True,True
ASV_003,dissolved_oxygen,rRNA:rDNA vs rDNA,-0.6968,8.246210490244227e-16,1.2081657229892705e-15,True,True
ASV_004,dissolved_oxygen,rRNA:rDNA vs rDNA,-1.0,0.0,0.0,True,True
ASV_005,dissolved_oxygen,rRNA:rDNA vs rDNA,0.6997,5.555172606709871e-16,8.202559552095045e-16,True,True
ASV_006,dissolved_oxygen,rRNA:rDNA vs rDNA,-0.6116,1.3894523190237563e-11,1.875760630682071e-11,True,True
ASV_007,dissolved_oxygen,rRNA:rDNA vs rDNA,-0.9912,6.882491758789973e-88,2.098049907115008e-87,True,True
ASV_008,dissolved_oxygen,rRNA:rDNA vs rDNA,-1.0,0.0,0.0,True,True
ASV_009,dissolved_oxygen,rRNA:rDNA vs rDNA,-0.7907,1.3264896040702545e-22,2.1612632342179145e-22,True,True
ASV_010,dissolved_oxygen,rRNA:rDNA vs rDNA,0.9479,1.81873079834202e-50,4.2437051961313803e-50,True,True
ASV_011,dissolved_oxygen,rRNA:rDNA vs rDNA,-0.0038,0.9704119598528278,0.9704119598528278,False,False
ASV_012,dissolved_oxygen,rRNA:rDNA vs rDNA,-1.0,0.0,0.0,True,True
ASV_013,dissolved_oxygen,rRNA:rDNA vs rDNA,0.9735,1.3220285051023143e-64,3.5192026403427804e-64,True,True
ASV_014,dissolved_oxygen,rRNA:rDNA vs rDNA,-1.0,0.0,0.0,True,True
ASV_015,dissolved_oxygen,rRNA:rDNA vs rDNA,-0.8385,1.3867152835101304e-27,2.5200883517636026e-27,True,True
ASV_016,dissolved_oxygen,rRNA:rDNA vs rDNA,0.791,1.2524400729633048e-22,2.0583580329570835e-22,True,True
ASV_017,dissolved_oxygen,rRNA:rDNA vs rDNA,1.0,0.0,0.0,True,True
ASV_018,dissolved_oxygen,rRNA:rDNA vs rDNA,0.6126,1.2549932729349305e-11,1.7187951346717527e-11,True,True
ASV_019,dissolved_oxygen,rRNA:rDNA vs rDNA,-0.8467,1.3033696905793624e-28,2.4150673678382305e-28,True,True
ASV_020,dissolved_oxygen,rRNA:rDNA vs rDNA,0.0654,0.5177790079422369,0.5318490896797977,False,False
ASV_021,dissolved_oxygen,rRNA:rDNA vs rDNA,-0.9503,1.8495797882366075e-51,4.481674102265626e-51,True,True
ASV_001,salinity,rRNA:rDNA vs rDNA,-0.924,1.0688665205472168e-42,2.3490206091095812e-42,True,True
ASV_002,salinity,rRNA:rDNA vs rDNA,0.7111,1.1449616683453685e-16,1.7174425025180527e-16,True,True
ASV_003,salinity,rRNA:rDNA vs rDNA,0.92,1.1686526783336158e-41,2.5099472296028793e-41,True,True
ASV_004,salinity,rRNA:rDNA vs rDNA,0.9993,1.5561284906321268e-142,6.2576230793504675e-142,True,True
ASV_005,salinity,rRNA:rDNA vs rDNA,0.692,1.5549838419475218e-15,2.2607072779083204e-15,True,True
ASV_006,salinity,rRNA:rDNA vs rDNA,-0.5052,8.304876994220888e-08,1.046414501271832e-07,True,True
ASV_007,salinity,rRNA:rDNA vs rDNA,0.9487,8.659445668824685e-51,2.045794039259832e-50,True,True
ASV_008,salinity,rRNA:rDNA vs rDNA,-1.0,0.0,0.0,True,True
ASV_009,salinity,rRNA:rDNA vs rDNA,-0.9606,2.6442328631134264e-56,6.753513663897806e-56,True,True
ASV_010,salinity,rRNA:rDNA vs rDNA,-0.4761,5.558128281552425e-07,6.865923171329466e-07,True,True
ASV_011,salinity,rRNA:rDNA vs rDNA,0.2616,0.008567828039362513,0.009469704675084883,True,True
ASV_012,salinity,rRNA:rDNA vs rDNA,-1.0,0.0,0.0,True,True
ASV_013,salinity,rRNA:rDNA vs rDNA,0.0132,0.896469828451119,0.9060577410548742,False,False
ASV_014,salinity,rRNA:rDNA vs rDNA,0.9765,3.6548474978254394e-67,1.0011104015782725e-66,True,True
ASV_015,salinity,rRNA:rDNA vs rDNA,-0.5673,7.573338382518227e-10,9.803842152711952e-10,True,True
ASV_016,salinity,rRNA:rDNA vs rDNA,0.6207,5.6656797030617084e-12,7.991145252825843e-12,True,True
ASV_017,salinity,rRNA:rDNA vs rDNA,1.0,0.0,0.0,True,True
ASV_018,salinity,rRNA:rDNA vs rDNA,1.0,0.0,0.0,True,True
ASV_019,salinity,rRNA:rDNA vs rDNA,0.4419,4.163422248038431e-06,4.918042530495397e-06,True,True
ASV_020,salinity,rRNA:rDNA vs rDNA,0.4651,1.0859769719076725e-06,1.2990484031047476e-06,True,True
ASV_021,salinity,rRNA:rDNA vs rDNA,0.8045,6.61159728411875e-24,1.1257584564850845e-23,True,True
ASV_001,secchi_depth,rRNA:rDNA vs rDNA,-0.9766,3.309634782640543e-67,9.198837851750921e-67,True,True
ASV_002,secchi_depth,rRNA:rDNA vs rDNA,0.2308,0.02088982693749583,0.022690674087279955,True,True
ASV_003,secchi_depth,rRNA:rDNA vs rDNA,1.0,0.0,0.0,True,True
ASV_004,secchi_depth,rRNA:rDNA vs rDNA,-0.5717,5.2042490789434e-10,6.783469489105535e-10,True,True
ASV_005,secchi_depth,rRNA:rDNA vs rDNA,-1.0,0.0,0.0,True,True
ASV_006,secchi_depth,rRNA:rDNA vs rDNA,-0.9793,8.958852868914342e-70,2.5271987943653893e-69,True,True
ASV_007,secchi_depth,rRNA:rDNA vs rDNA,-0.4518,2.3748086359404444e-06,2.8228857370612828e-06,True,True
ASV_008,secchi_depth,rRNA:rDNA vs rDNA,0.9735,1.2933763899220042e-64,3.492116252789412e-64,True,True
ASV_009,secchi_depth,rRNA:rDNA vs rDNA,1.0,0.0,0.0,True,True
ASV_010,secchi_depth,rRNA:rDNA vs rDNA,1.0,0.0,0.0,True,True
ASV_011,secchi_depth,rRNA:rDNA vs rDNA,0.9976,2.986332230167571e-115,1.0452162805586499e-114,True,True
ASV_012,secchi_depth,rRNA:rDNA vs rDNA,0.8922,1.3392452536291603e-35,2.692737797190546e-35,True,True
ASV_013,secchi_depth,rRNA:rDNA vs rDNA,-1.0,0.0,0.0,True,True
ASV_014,secchi_depth,rRNA:rDNA vs rDNA,0.4271,9.381507551853103e-06,1.1013074082610165e-05,True,True
ASV_015,secchi_depth,rRNA:rDNA vs rDNA,0.5381,7.773720268104737e-09,9.994783201848947e-09,True,True
ASV_016,secchi_depth,rRNA:rDNA vs rDNA,0.6655,4.249621579205233e-14,6.084685442952947e-14,True,True
ASV_017,secchi_depth,rRNA:rDNA vs rDNA,1.0,0.0,0.0,True,True
ASV_018,secchi_depth,rRNA:rDNA vs rDNA,1.0,0.0,0.0,True,True
ASV_019,secchi_depth,rRNA:rDNA vs rDNA,-1.0,0.0,0.0,True,True
ASV_020,secchi_depth,rRNA:rDNA vs rDNA,-0.8789,2.8189854956975956e-33,5.4926624606891295e-33,True,True
ASV_021,secchi_depth,rRNA:rDNA vs rDNA,0.7179,4.2640469037257015e-17,6.447238918433261e-17,True,True
ASV_001,ph,rRNA:rDNA vs rDNA,-1.0,3.448065874529609e-228,1.5155452332234793e-227,True,True
ASV_002,ph,rRNA:rDNA vs rDNA,0.8537,1.5999591056484493e-29,3.023922709675569e-29,True,True
ASV_003,ph,rRNA:rDNA vs rDNA,1.0,0.0,0.0,True,True
ASV_004,ph,rRNA:rDNA vs rDNA,-1.0,0.0,0.0,True,True
ASV_005,ph,rRNA:rDNA vs rDNA,-1.0,0.0,0.0,True,True
ASV_006,ph,rRNA:rDNA vs rDNA,0.991,2.2479766405893624e-87,6.638556016740462e-87,True,True
ASV_007,ph,rRNA:rDNA vs rDNA,-1.0,0.0,0.0,True,True
ASV_008,ph,rRNA:rDNA vs rDNA,1.0,3.448065874529609e-228,1.5155452332234793e-227,True,True
ASV_009,ph,rRNA:rDNA vs rDNA,1.0,0.0,0.0,True,True
ASV_010,ph,rRNA:rDNA vs rDNA,0.9492,5.46649733896171e-51,1.3078075912199535e-50,True,True
ASV_011,ph,rRNA:rDNA vs rDNA,1.0,0.0,0.0,True,True
ASV_012,ph,rRNA:rDNA vs rDNA,-0.9957,7.413017122327099e-103,2.501893278785396e-102,True,True
ASV_013,ph,rRNA:rDNA vs rDNA,0.8815,1.065895831515455e-33,2.0984824182960522e-33,True,True
ASV_014,ph,rRNA:rDNA vs rDNA,0.3339,0.0006869930262317304,0.0007774951015436949,True,True
ASV_015,ph,rRNA:rDNA vs rDNA,1.0,0.0,0.0,True,True
ASV_016,ph,rRNA:rDNA vs rDNA,-0.7202,3.031795473324463e-17,4.621043100470351e-17,True,True
ASV_017,ph,rRNA:rDNA vs rDNA,0.9972,1.7145424785108527e-112,5.891791426155476e-112,True,True
ASV_018,ph,rRNA:rDNA vs rDNA,-0.582,2.1452140587770414e-10,2.8352829168451804e-10,True,True
ASV_019,ph,rRNA:rDNA vs rDNA,0.9857,1.1417430980042162e-77,3.26953705337571e-77,True,True
ASV_020,ph,rRNA:rDNA vs rDNA,-1.0,0.0,0.0,True,True
ASV_021,ph,rRNA:rDNA vs rDNA,-1.0,0.0,0.0,True,True
ASV_001,total_nitrogen,rRNA:rDNA vs rDNA,-0.8998,4.3569283250058845e-37,9.149549482512358e-37,True,True
ASV_002,total_nitrogen,rRNA:rDNA vs rDNA,0.7872,2.696984851640557e-22,4.356667837265515e-22,True,True
ASV_003,total_nitrogen,rRNA:rDNA vs rDNA,0.9913,4.2381098312640675e-88,1.313119275588375e-87,True,True
ASV_004,total_nitrogen,rRNA:rDNA vs rDNA,0.7216,2.4526081624851154e-17,3.799532317292515e-17,True,True
ASV_005,total_nitrogen,rRNA:rDNA vs rDNA,0.4767,5.346093483156477e-07,6.647445186293251e-07,True,True
ASV_006,total_nitrogen,rRNA:rDNA vs rDNA,-0.8242,6.094366405321451e-26,1.0764815426222002e-25,True,True
ASV_007,total_nitrogen,rRNA:rDNA vs rDNA,-0.5984,4.8704156540615895e-11,6.52842949374213e-11,True,True
ASV_008,total_nitrogen,rRNA:rDNA vs rDNA,0.9371,1.3696314414413418e-46,3.1568334442977272e-46,True,True
ASV_009,total_nitrogen,rRNA:rDNA vs rDNA,-0.9922,2.2685719240513065e-90,7.522106906064859e-90,True,True
ASV_010,total_nitrogen,rRNA:rDNA vs rDNA,-0.7936,7.234771560182316e-23,1.2100635618358032e-22,True,True
ASV_011,total_nitrogen,rRNA:rDNA vs rDNA,-0.9916,9.600217587692522e-89,3.1283467656446325e-88,True,True
ASV_012,total_nitrogen,rRNA:rDNA vs rDNA,0.9911,1.333127539151508e-87,3.999382617454524e-87,True,True
ASV_013,total_nitrogen,rRNA:rDNA vs rDNA,0.9302,1.9484594276011435e-44,4.3840337121025733e-44,True,True
ASV_014,total_nitrogen,rRNA:rDNA vs rDNA,-0.9914,1.7844316814154915e-88,5.716230301483524e-88,True,True
ASV_015,total_nitrogen,rRNA:rDNA vs rDNA,0.8506,4.173130335133543e-29,7.80912508257663e-29,True,True
ASV_016,total_nitrogen,rRNA:rDNA vs rDNA,0.2048,0.040931791448894014,0.043218483708608764,True,True
ASV_017,total_nitrogen,rRNA:rDNA vs rDNA,0.9914,2.685901088715981e-88,8.46058842945534e-88,True,True
ASV_018,total_nitrogen,rRNA:rDNA vs rDNA,-0.8556,8.758142664431609e-30,1.6720090541187615e-29,True,True
ASV_019,total_nitrogen,rRNA:rDNA vs rDNA,0.9903,6.649415121594e-86,1.9334453199711788e-85,True,True
ASV_020,total_nitrogen,rRNA:rDNA vs rDNA,-0.8902,3.126121974674832e-35,6.219337402247823e-35,True,True
ASV_021,total_nitrogen,rRNA:rDNA vs rDNA,0.9561,4.82410642030433e-54,1.215674817916691e-53,True,True
ASV_001,total_phosphorus,rRNA:rDNA vs rDNA,0.2273,0.02297721556721982,0.024815392812597405,True,True
ASV_002,total_phosphorus,rRNA:rDNA vs rDNA,-1.0,0.0,0.0,True,True
ASV_003,total_phosphorus,rRNA:rDNA vs rDNA,-0.0703,0.48709715007549503,0.5058316558476295,False,False
ASV_004,total_phosphorus,rRNA:rDNA vs rDNA,1.0,0.0,0.0,True,True
ASV_005,total_phosphorus,rRNA:rDNA vs rDNA,-0.4704,7.860715570088869e-07,9.523559248376899e-07,True,True
ASV_006,total_phosphorus,rRNA:rDNA vs rDNA,-1.0,3.448065874529609e-228,1.5155452332234793e-227,True,True
ASV_007,total_phosphorus,rRNA:rDNA vs rDNA,-0.8296,1.5125455847948852e-26,2.7225820526307934e-26,True,True
ASV_008,total_phosphorus,rRNA:rDNA vs rDNA,0.9664,1.2878609526460608e-59,3.334324932193226e-59,True,True
ASV_009,total_phosphorus,rRNA:rDNA vs rDNA,-0.4735,6.508053413665406e-07,7.987156462225726e-07,True,True
ASV_010,total_phosphorus,rRNA:rDNA vs rDNA,-0.8996,4.843173229255321e-37,1.0058898245376436e-36,True,True
ASV_011,total_phosphorus,rRNA:rDNA vs rDNA,-1.0,0.0,0.0,True,True
ASV_012,total_phosphorus,rRNA:rDNA vs rDNA,0.8995,5.1485157215041695e-37,1.057684208004661e-36,True,True
ASV_013,total_phosphorus,rRNA:rDNA vs rDNA,1.0,0.0,0.0,True,True
ASV_014,total_phosphorus,rRNA:rDNA vs rDNA,-0.2721,0.006177699972225508,0.006868148792650712,True,True
ASV_015,total_phosphorus,rRNA:rDNA vs rDNA,-0.9114,1.432928340186784e-39,3.042960183093283e-39,True,True
ASV_016,total_phosphorus,rRNA:rDNA vs rDNA,-1.0,0.0,0.0,True,True
ASV_017,total_phosphorus,rRNA:rDNA vs rDNA,0.9998,6.723744457388596e-168,2.762581961840097e-167,True,True
ASV_018,total_phosphorus,rRNA:rDNA vs rDNA,0.5876,1.3019858916786287e-10,1.7329248839947948e-10,True,True
ASV_019,total_phosphorus,rRNA:rDNA vs rDNA,1.0,3.448065874529609e-228,1.5155452332234793e-227,True,True
ASV_020,total_phosphorus,rRNA:rDNA vs rDNA,-0.7342,3.602769556514803e-18,5.627466497366096e-18,True,True
ASV_021,total_phosphorus,rRNA:rDNA vs rDNA,-0.3955,4.659544273594163e-05,5.402784464474213e-05,True,True
ASV_001,doc,rRNA:rDNA vs rDNA,-0.999,1.1716637827110974e-133,4.51927459045709e-133,True,True
ASV_002,doc,rRNA:rDNA vs rDNA,-0.7404,1.3252625333299944e-18,2.087288489994741e-18,True,True
ASV_003,doc,rRNA:rDNA vs rDNA,0.505,8.442127109703346e-08,1.0566635918767764e-07,True,True
ASV_004,doc,rRNA:rDNA vs rDNA,0.9988,4.541683827551197e-131,1.6507273911676468e-130,True,True
ASV_005,doc,rRNA:rDNA vs rDNA,-0.8979,1.0769799729848891e-36,2.1887012354209037e-36,True,True
ASV_006,doc,rRNA:rDNA vs rDNA,-0.33,0.0008007469322316576,0.0009008402987606149,True,True
ASV_007,doc,rRNA:rDNA vs rDNA,0.7546,1.2385084513379086e-19,1.9670428344778549e-19,True,True
ASV_008,doc,rRNA:rDNA vs rDNA,0.9986,1.1103150958059489e-126,3.959425530326875e-126,True,True
ASV_009,doc,rRNA:rDNA vs rDNA,0.371,0.00014448838704576484,0.00016651405580274118,True,True
ASV_010,doc,rRNA:rDNA vs rDNA,-0.5728,4.757231121448341e-10,6.243865846900949e-10,True,True
ASV_011,doc,rRNA:rDNA vs rDNA,0.4713,7.450020514617468e-07,9.08421856298517e-07,True,True
ASV_012,doc,rRNA:rDNA vs rDNA,0.9988,4.541683827551197e-131,1.6507273911676468e-130,True,True
ASV_013,doc,rRNA:rDNA vs rDNA,0.6381,9.292211282413575e-13,1.3204721296061396e-12,True,True
ASV_014,doc,rRNA:rDNA vs rDNA,0.1889,0.05982230960198784,0.06281342508208723,False,False
ASV_015,doc,rRNA:rDNA vs rDNA,0.999,2.0161477353445708e-134,7.938581707919248e-134,True,True
ASV_016,doc,rRNA:rDNA vs rDNA,0.9685,5.233917389296691e-61,1.3739033146903813e-60,True,True
ASV_017,doc,rRNA:rDNA vs rDNA,-0.8113,1.3970241728293302e-24,2.4003415333158493e-24,True,True
ASV_018,doc,rRNA:rDNA vs rDNA,0.6186,6.9661075797328745e-12,9.680840680658186e-12,True,True
ASV_019,doc,rRNA:rDNA vs rDNA,0.9521,3.020732455039339e-52,7.414525116914743e-52,True,True
ASV_020,doc,rRNA:rDNA vs rDNA,0.999,2.077672581512748e-133,7.853602358118188e-133,True,True
ASV_021,doc,rRNA:rDNA vs rDNA,-0.6841,4.295499987605841e-15,6.197324409599266e-15,True,True
ASV_001,water_temp,rRNA vs rDNA,0.8429,3.9753616043762123e-28,6.768858947991928e-28,True,True
ASV_002,water_temp,rRNA vs rDNA,-0.9135,4.537649131784797e-40,1.0458727876918618e-39,True,True
ASV_003,water_temp,rRNA vs rDNA,-0.9917,4.451467358948412e-89,1.6179371746947114e-88,True,True
ASV_004,water_temp,rRNA vs rDNA,-1.0,0.0,0.0,True,True
ASV_005,water_temp,rRNA vs rDNA,0.9258,3.4250336620409483e-43,8.63108482834319e-43,True,True
ASV_006,water_temp,rRNA vs rDNA,-1.0,0.0,0.0,True,True
ASV_007,water_temp,rRNA vs rDNA,0.6967,8.299457674886253e-16,1.1366648554735521e-15,True,True
ASV_008,water_temp,rRNA vs rDNA,-0.6096,1.687483367899429e-11,2.0845382779934122e-11,True,True
ASV_009,water_temp,rRNA vs rDNA,-0.7658,1.6914356749079906e-20,2.5574507404608817e-20,True,True
ASV_010,water_temp,rRNA vs rDNA,0.1877,0.06151116581627053,0.06318266488736485,False,False
ASV_011,water_temp,rRNA vs rDNA,-0.4523,2.3067219175450006e-06,2.5347118745116576e-06,True,True
ASV_012,water_temp,rRNA vs rDNA,-0.3356,0.0006416235518675393,0.0006774684430333236,True,True
ASV_013,water_temp,rRNA vs rDNA,0.65,2.531229648083307e-13,3.276728791011952e-13,True,True
ASV_014,water_temp,rRNA vs rDNA,-0.8807,1.455028574497119e-33,2.6960823586270146e-33,True,True
ASV_015,water_temp,rRNA vs rDNA,-1.0,0.0,0.0,True,True
ASV_016,water_temp,rRNA vs rDNA,-0.511,5.5453774290828e-08,6.275906192195503e-08,True,True
ASV_017,water_temp,rRNA vs rDNA,0.768,1.1198378395075299e-20,1.7068496102171223e-20,True,True
ASV_018,water_temp,rRNA vs rDNA,0.0005,0.9957451878644288,0.9957451878644288,False,False
ASV_019,water_temp,rRNA vs rDNA,-0.6196,6.321375896572995e-12,7.964933629681974e-12,True,True
ASV_020,water_temp,rRNA vs rDNA,-0.5932,7.877688574385291e-11,9.483332105470191e-11,True,True
ASV_021,water_temp,rRNA vs rDNA,-0.9065,1.7513493939475873e-38,3.8046555799551035e-38,True,True
ASV_001,specific_conductivity,rRNA vs rDNA,-0.9017,1.8411560135722476e-37,3.823939412803899e-37,True,True
ASV_002,specific_conductivity,rRNA vs rDNA,0.4175,1.545476400107779e-05,1.6787071242550013e-05,True,True
ASV_003,specific_conductivity,rRNA vs rDNA,0.9817,2.352872082398171e-72,7.66711764781473e-72,True,True
ASV_004,specific_conductivity,rRNA vs rDNA,0.8473,1.1193816694986741e-28,1.9589179216226798e-28,True,True
ASV_005,specific_conductivity,rRNA vs rDNA,0.8219,1.0872641300470842e-25,1.8185214210522028e-25,True,True
ASV_006,specific_conductivity,rRNA vs rDNA,-0.941,6.53633000638378e-48,1.7903860452268616e-47,True,True
ASV_007,specific_conductivity,rRNA vs rDNA,0.9461,8.619578471802902e-50,2.4314930315981323e-49,True,True
ASV_008,specific_conductivity,rRNA vs rDNA,0.75,2.736484424253562e-19,3.9784273552609484e-19,True,True
ASV_009,specific_conductivity,rRNA vs rDNA,-0.8163,4.307891427506382e-25,6.919906676891664e-25,True,True
ASV_010,specific_conductivity,rRNA vs rDNA,0.2334,0.01946360116258834,0.02010175202037812,True,True
ASV_011,specific_conductivity,rRNA vs rDNA,0.3544,0.0002974027541312275,0.0003175656527163955,True,True
ASV_012,specific_conductivity,rRNA vs rDNA,0.8185,2.536241166397835e-25,4.168257221297311e-25,True,True
ASV_013,specific_conductivity,rRNA vs rDNA,-0.2802,0.004754239636879536,0.004991951618723513,True,True
ASV_014,specific_conductivity,rRNA vs rDNA,0.8122,1.128023175893062e-24,1.7915662205360397e-24,True,True
ASV_015,specific_conductivity,rRNA vs rDNA,0.7566,8.777860423285061e-20,1.3063115118117137e-19,True,True
ASV_016,specific_conductivity,rRNA vs rDNA,0.6069,2.185325437742171e-11,2.681990309956301e-11,True,True
ASV_017,specific_conductivity,rRNA vs rDNA,-0.7336,3.951654793274836e-18,5.6580511812798786e-18,True,True
ASV_018,specific_conductivity,rRNA vs rDNA,0.9702,4.156507806550684e-62,1.3092999590634655e-61,True,True
ASV_019,specific_conductivity,rRNA vs rDNA,-0.9228,2.2363690889616377e-42,5.418894330945507e-42,True,True
ASV_020,specific_conductivity,rRNA vs rDNA,-0.3799,9.676657402149951e-05,0.00010450789994321947,True,True
ASV_021,specific_conductivity,rRNA vs rDNA,1.0,0.0,0.0,True,True
ASV_001,dissolved_oxygen,rRNA vs rDNA,0.8163,4.320365015202203e-25,6.919906676891664e-25,True,True
ASV_002,dissolved_oxygen,rRNA vs rDNA,-0.7897,1.618767701498509e-22,2.507763078550969e-22,True,True
ASV_003,dissolved_oxygen,rRNA vs rDNA,-0.8718,3.858785567928862e-32,6.945814022271951e-32,True,True
ASV_004,dissolved_oxygen,rRNA vs rDNA,-1.0,0.0,0.0,True,True
ASV_005,dissolved_oxygen,rRNA vs rDNA,0.6121,1.316717264025612e-11,1.6372339664528994e-11,True,True
ASV_006,dissolved_oxygen,rRNA vs rDNA,0.6562,1.248128792170538e-13,1.638169039723831e-13,True,True
ASV_007,dissolved_oxygen,rRNA vs rDNA,-0.9898,8.411734396731406e-85,2.8389603588968496e-84,True,True
ASV_008,dissolved_oxygen,rRNA vs rDNA,-1.0,0.0,0.0,True,True
ASV_009,dissolved_oxygen,rRNA vs rDNA,-0.7883,2.1566754486237724e-22,3.313915933251162e-22,True,True
ASV_010,dissolved_oxygen,rRNA vs rDNA,-0.5578,1.6498087033943767e-09,1.9488365308846077e-09,True,True
ASV_011,dissolved_oxygen,rRNA vs rDNA,-0.4497,2.6794849271286605e-06,2.927298562007612e-06,True,True
ASV_012,dissolved_oxygen,rRNA vs rDNA,-1.0,0.0,0.0,True,True
ASV_013,dissolved_oxygen,rRNA vs rDNA,0.9142,3.1266084341318566e-40,7.295419679640999e-40,True,True
ASV_014,dissolved_oxygen,rRNA vs rDNA,-1.0,0.0,0.0,True,True
ASV_015,dissolved_oxygen,rRNA vs rDNA,-0.8181,2.8015950920372247e-25,4.5646678654744435e-25,True,True
ASV_016,dissolved_oxygen,rRNA vs rDNA,0.678,9.297064085056507e-15,1.2462022071458722e-14,True,True
ASV_017,dissolved_oxygen,rRNA vs rDNA,0.9123,8.657720105103796e-40,1.947987023648354e-39,True,True
ASV_018,dissolved_oxygen,rRNA vs rDNA,0.5244,2.1463584091787007e-08,2.443745417679364e-08,True,True
ASV_019,dissolved_oxygen,rRNA vs rDNA,-0.9055,2.9241949314681585e-38,6.140809356083133e-38,True,True
ASV_020,dissolved_oxygen,rRNA vs rDNA,0.2497,0.012235703453445405,0.012776508025973379,True,True
ASV_021,dissolved_oxygen,rRNA vs rDNA,-1.0,0.0,0.0,True,True
ASV_001,salinity,rRNA vs rDNA,-0.8957,2.908993819411786e-36,5.8489343815832725e-36,True,True
ASV_002,salinity,rRNA vs rDNA,0.6346,1.348631711078614e-12,1.7222391445530949e-12,True,True
ASV_003,salinity,rRNA vs rDNA,1.0,0.0,0.0,True,True
ASV_004,salinity,rRNA vs rDNA,0.9255,4.206857126571346e-43,1.0404668052085387e-42,True,True
ASV_005,salinity,rRNA vs rDNA,0.5651,9.049044636986079e-10,1.0756411549624961e-09,True,True
ASV_006,salinity,rRNA vs rDNA,-0.9209,7.110351797383984e-42,1.7010841641842696e-41,True,True
ASV_007,salinity,rRNA vs rDNA,0.9398,1.639755779992088e-47,4.3649836960352766e-47,True,True
ASV_008,salinity,rRNA vs rDNA,0.8121,1.1701518264846735e-24,1.842989126713361e-24,True,True
ASV_009,salinity,rRNA vs rDNA,-0.969,2.635606935006855e-61,8.166060831414683e-61,True,True
ASV_010,salinity,rRNA vs rDNA,-0.6483,3.044208682466842e-13,3.9139825917430827e-13,True,True
ASV_011,salinity,rRNA vs rDNA,0.6611,7.080925373809106e-14,9.358705563985461e-14,True,True
ASV_012,salinity,rRNA vs rDNA,0.8489,6.867144094447654e-29,1.2129815269631838e-28,True,True
ASV_013,salinity,rRNA vs rDNA,0.6664,3.7972438770430045e-14,5.054078118036112e-14,True,True
ASV_014,salinity,rRNA vs rDNA,1.0,0.0,0.0,True,True
ASV_015,salinity,rRNA vs rDNA,0.7994,2.0732498060329441e-23,3.2383819284316235e-23,True,True
ASV_016,salinity,rRNA vs rDNA,0.5773,3.2227987046296915e-10,3.8551199694621e-10,True,True
ASV_017,salinity,rRNA vs rDNA,-0.9055,2.8556705808799706e-38,6.064289211082185e-38,True,True
ASV_018,salinity,rRNA vs rDNA,1.0,0.0,0.0,True,True
ASV_019,salinity,rRNA vs rDNA,-0.993,1.2380076296438409e-92,4.978371106440126e-92,True,True
ASV_020,salinity,rRNA vs rDNA,-0.1429,0.155960686687064,0.15933280964246,False,False
ASV_021,salinity,rRNA vs rDNA,0.9411,6.167401301045233e-48,1.7141747733787486e-47,True,True
ASV_001,secchi_depth,rRNA vs rDNA,-0.9998,6.723744457388596e-168,3.434561357963364e-167,True,True
ASV_002,secchi_depth,rRNA vs rDNA,0.2461,0.013582876156585395,0.014105294470300218,True,True
ASV_003,secchi_depth,rRNA vs rDNA,1.0,0.0,0.0,True,True
ASV_004,secchi_depth,rRNA vs rDNA,-0.8444,2.6078235911831074e-28,4.48071507939643e-28,True,True
ASV_005,secchi_depth,rRNA vs rDNA,-1.0,0.0,0.0,True,True
ASV_006,secchi_depth,rRNA vs rDNA,-0.9607,2.2835492262725917e-56,6.8506476788177755e-56,True,True
ASV_007,secchi_depth,rRNA vs rDNA,-0.7558,1.01199248818408e-19,1.4942701583343057e-19,True,True
ASV_008,secchi_depth,rRNA vs rDNA,0.8662,2.729709708491549e-31,4.867123914197196e-31,True,True
ASV_009,secchi_depth,rRNA vs rDNA,0.541,6.199631565267733e-09,7.1446973526561075e-09,True,True
ASV_010,secchi_depth,rRNA vs rDNA,1.0,0.0,0.0,True,True
ASV_011,secchi_depth,rRNA vs rDNA,1.0,0.0,0.0,True,True
ASV_012,secchi_depth,rRNA vs rDNA,0.819,2.2421140159167187e-25,3.7171890263882445e-25,True,True
ASV_013,secchi_depth,rRNA vs rDNA,-1.0,0.0,0.0,True,True
ASV_014,secchi_depth,rRNA vs rDNA,1.0,0.0,0.0,True,True
ASV_015,secchi_depth,rRNA vs rDNA,0.9294,3.3482237710868147e-44,8.668688941580931e-44,True,True
ASV_016,secchi_depth,rRNA vs rDNA,0.9175,5.164387642617871e-41,1.2200865805684722e-40,True,True
ASV_017,secchi_depth,rRNA vs rDNA,-0.9255,4.238938836034787e-43,1.0404668052085387e-42,True,True
ASV_018,secchi_depth,rRNA vs rDNA,-0.7191,3.5685523269168046e-17,5.0711006750923014e-17,True,True
ASV_019,secchi_depth,rRNA vs rDNA,-1.0,0.0,0.0,True,True
ASV_020,secchi_depth,rRNA vs rDNA,-0.8789,2.8189854956975956e-33,5.172701540648986e-33,True,True
ASV_021,secchi_depth,rRNA vs rDNA,0.6926,1.4436861584500123e-15,1.9629977262377864e-15,True,True
ASV_001,ph,rRNA vs rDNA,0.9108,1.91651037753769e-39,4.261417192407334e-39,True,True
ASV_002,ph,rRNA vs rDNA,1.0,0.0,0.0,True,True
ASV_003,ph,rRNA vs rDNA,0.9894,7.129505697344503e-84,2.3639939943826514e-83,True,True
ASV_004,ph,rRNA vs rDNA,-1.0,0.0,0.0,True,True
ASV_005,ph,rRNA vs rDNA,1.0,0.0,0.0,True,True
ASV_006,ph,rRNA vs rDNA,1.0,0.0,0.0,True,True
ASV_007,ph,rRNA vs rDNA,-1.0,0.0,0.0,True,True
ASV_008,ph,rRNA vs rDNA,-0.8815,1.0413319529829839e-33,1.9486310803344945e-33,True,True
ASV_009,ph,rRNA vs rDNA,-0.8972,1.4687119404951012e-36,2.9848016855223028e-36,True,True
ASV_010,ph,rRNA vs rDNA,-1.0,0.0,0.0,True,True
ASV_011,ph,rRNA vs rDNA,1.0,3.448065874529609e-228,1.9167189714296946e-227,True,True
ASV_012,ph,rRNA vs rDNA,-1.0,0.0,0.0,True,True
ASV_013,ph,rRNA vs rDNA,-0.4945,1.7071295696217908e-07,1.9205207658245148e-07,True,True
ASV_014,ph,rRNA vs rDNA,-0.7018,4.1654575262677084e-16,5.746507098281729e-16,True,True
ASV_015,ph,rRNA vs rDNA,1.0,0.0,0.0,True,True
ASV_016,ph,rRNA vs rDNA,-0.8822,7.975705517311446e-34,1.5074083427718635e-33,True,True
ASV_017,ph,rRNA vs rDNA,0.9651,8.10396134670528e-59,2.4704011202053194e-58,True,True
ASV_018,ph,rRNA vs rDNA,-0.5458,4.273637264011249e-09,4.955321735571326e-09,True,True
ASV_019,ph,rRNA vs rDNA,-0.9087,5.8377010079604295e-39,1.2829366168657223e-38,True,True
ASV_020,ph,rRNA vs rDNA,-1.0,0.0,0.0,True,True
ASV_021,ph,rRNA vs rDNA,-0.931,1.0811130121458216e-44,2.837921656882782e-44,True,True
ASV_001,total_nitrogen,rRNA vs rDNA,-0.4926,1.92493018767194e-07,2.1527325767455423e-07,True,True
ASV_002,total_nitrogen,rRNA vs rDNA,-0.11,0.2760343807405027,0.28048654817180113,False,False
ASV_003,total_nitrogen,rRNA vs rDNA,0.9909,4.019692069683475e-87,1.3813123657639578e-86,True,True
ASV_004,total_nitrogen,rRNA vs rDNA,0.6878,2.7016976248456165e-15,3.647291793541582e-15,True,True
ASV_005,total_nitrogen,rRNA vs rDNA,-0.9917,3.602047030688697e-89,1.3615737776003275e-88,True,True
ASV_006,total_nitrogen,rRNA vs rDNA,-0.7628,2.895906869053936e-20,4.343860303580904e-20,True,True
ASV_007,total_nitrogen,rRNA vs rDNA,-0.5983,4.8976504406703045e-11,5.933691880042869e-11,True,True
ASV_008,total_nitrogen,rRNA vs rDNA,0.8979,1.055288016710111e-36,2.1679286430240325e-36,True,True
ASV_009,total_nitrogen,rRNA vs rDNA,-0.8844,3.398230101463987e-34,6.553729481394833e-34,True,True
ASV_010,total_nitrogen,rRNA vs rDNA,-0.7027,3.675632958078503e-16,5.108048743212038e-16,True,True
ASV_011,total_nitrogen,rRNA vs rDNA,0.7361,2.640993071596448e-18,3.810287713982662e-18,True,True
ASV_012,total_nitrogen,rRNA vs rDNA,0.8365,2.417353472867999e-27,4.0792839854647486e-27,True,True
ASV_013,total_nitrogen,rRNA vs rDNA,-0.9921,3.293883309821724e-90,1.296966553242304e-89,True,True
ASV_014,total_nitrogen,rRNA vs rDNA,-0.8924,1.220414910638167e-35,2.4279833485327743e-35,True,True
ASV_015,total_nitrogen,rRNA vs rDNA,0.9917,4.1485507268981736e-89,1.5374040929093232e-88,True,True
ASV_016,total_nitrogen,rRNA vs rDNA,0.3427,0.0004834239735686295,0.0005132984887891628,True,True
ASV_017,total_nitrogen,rRNA vs rDNA,0.9918,1.897842137159398e-89,7.320248243329107e-89,True,True
ASV_018,total_nitrogen,rRNA vs rDNA,-0.7519,1.9864120439310263e-19,2.9103246225035966e-19,True,True
ASV_019,total_nitrogen,rRNA vs rDNA,0.9915,1.666309783499295e-88,5.942123567572958e-88,True,True
ASV_020,total_nitrogen,rRNA vs rDNA,-0.9408,7.777485425322383e-48,2.0999210648370435e-47,True,True
ASV_021,total_nitrogen,rRNA vs rDNA,0.9911,9.589525589682125e-88,3.356333956388744e-87,True,True
ASV_001,total_phosphorus,rRNA vs rDNA,-0.0876,0.38627983319727177,0.3904111683116811,False,False
ASV_002,total_phosphorus,rRNA vs rDNA,-1.0,0.0,0.0,True,True
ASV_003,total_phosphorus,rRNA vs rDNA,-0.0703,0.48709715007549503,0.48968809236313066,False,False
ASV_004,total_phosphorus,rRNA vs rDNA,1.0,0.0,0.0,True,True
ASV_005,total_phosphorus,rRNA vs rDNA,-0.4704,7.860715570088869e-07,8.739266133804684e-07,True,True
ASV_006,total_phosphorus,rRNA vs rDNA,-1.0,0.0,0.0,True,True
ASV_007,total_phosphorus,rRNA vs rDNA,-0.9549,1.7572396578864077e-53,5.189348364695798e-53,True,True
ASV_008,total_phosphorus,rRNA vs rDNA,0.9264,2.3709164621018927e-43,6.055448801854834e-43,True,True
ASV_009,total_phosphorus,rRNA vs rDNA,-1.0,8.246541663958767e-205,4.453132498537735e-204,True,True
ASV_010,total_phosphorus,rRNA vs rDNA,-0.8785,3.260801127054524e-33,5.925878971281779e-33,True,True
ASV_011,total_phosphorus,rRNA vs rDNA,-1.0,0.0,0.0,True,True
ASV_012,total_phosphorus,rRNA vs rDNA,0.4595,1.5210670893386671e-06,1.681179414532211e-06,True,True
ASV_013,total_phosphorus,rRNA vs rDNA,0.9748,1.0899028531692141e-65,3.491383716084432e-65,True,True
ASV_014,total_phosphorus,rRNA vs rDNA,-0.3621,0.00021441274227098446,0.00023025004709781855,True,True
ASV_015,total_phosphorus,rRNA vs rDNA,-0.9065,1.815470011861366e-38,3.8991344572931613e-38,True,True
ASV_016,total_phosphorus,rRNA vs rDNA,-1.0,3.448065874529609e-228,1.9167189714296946e-227,True,True
ASV_017,total_phosphorus,rRNA vs rDNA,0.9999,8.843903042710023e-187,4.6430490974227624e-186,True,True
ASV_018,total_phosphorus,rRNA vs rDNA,0.5304,1.3794696458061974e-08,1.5801197761052807e-08,True,True
ASV_019,total_phosphorus,rRNA vs rDNA,0.9469,4.206330593309643e-50,1.2045401244477614e-49,True,True
ASV_020,total_phosphorus,rRNA vs rDNA,-0.8832,5.342130092140924e-34,1.0198611994087217e-33,True,True
ASV_021,total_phosphorus,rRNA vs rDNA,-0.5541,2.224160817149968e-09,2.6109713940456146e-09,True,True
ASV_001,doc,rRNA vs rDNA,-0.7151,6.374169663725412e-17,8.990433331672409e-17,True,True
ASV_002,doc,rRNA vs rDNA,-0.9987,5.557923017230348e-128,2.5010653577536564e-127,True,True
ASV_003,doc,rRNA vs rDNA,0.5513,2.7873188796775983e-09,3.2518720262905317e-09,True,True
ASV_004,doc,rRNA vs rDNA,0.9987,3.5682132783411785e-128,1.6448592917231286e-127,True,True
ASV_005,doc,rRNA vs rDNA,-0.8845,3.1930666488116e-34,6.221542233251468e-34,True,True
ASV_006,doc,rRNA vs rDNA,-0.6512,2.2187988126182914e-13,2.8920894867921176e-13,True,True
ASV_007,doc,rRNA vs rDNA,0.6167,8.431026901107768e-12,1.0552742280194491e-11,True,True
ASV_008,doc,rRNA vs rDNA,0.9986,2.5285037340103333e-126,1.1113655947161698e-125,True,True
ASV_009,doc,rRNA vs rDNA,-0.7036,3.236509078960975e-16,4.531112710545365e-16,True,True
ASV_010,doc,rRNA vs rDNA,-0.9991,3.2489198103964667e-135,1.615910116223506e-134,True,True
ASV_011,doc,rRNA vs rDNA,0.6,4.1972301641440646e-11,5.1179129098272785e-11,True,True
ASV_012,doc,rRNA vs rDNA,0.9983,1.9045847928569806e-122,7.999256129999318e-122,True,True
ASV_013,doc,rRNA vs rDNA,0.8904,2.8683457653092226e-35,5.647055725452532e-35,True,True
ASV_014,doc,rRNA vs rDNA,-0.8468,1.289628508003407e-28,2.2361448441526963e-28,True,True
ASV_015,doc,rRNA vs rDNA,0.9982,3.741818801007309e-122,1.5373994638921335e-121,True,True
ASV_016,doc,rRNA vs rDNA,0.999,1.1054323141434465e-134,5.3570950608490105e-134,True,True
ASV_017,doc,rRNA vs rDNA,-0.9133,5.167381007262714e-40,1.1766686871959676e-39,True,True
ASV_018,doc,rRNA vs rDNA,-0.9485,1.0235050896308878e-50,2.9760378760036584e-50,True,True
ASV_019,doc,rRNA vs rDNA,0.6267,3.072838581270312e-12,3.897761690336167e-12,True,True
ASV_020,doc,rRNA vs rDNA,-0.9988,8.842986235911661e-130,4.17831099646826e-129,True,True
ASV_021,doc,rRNA vs rDNA,-0.9985,2.7567869622049694e-125,1.1841653087653164e-124,True,True
